{
	"credit": "bean",
	"textures": {
		"0": "grenade",
		"particle": "grenade"
	},
	"elements": [
		{
			"from": [6, 0, 6],
			"to": [9, 5, 9],
			"rotation": {"angle": 0, "axis": "y", "origin": [8, 6, 9]},
			"faces": {
				"north": {"uv": [0, 8, 3, 13], "texture": "#0"},
				"east": {"uv": [3, 8, 6, 13], "texture": "#0"},
				"south": {"uv": [6, 8, 9, 13], "texture": "#0"},
				"west": {"uv": [8, 0, 11, 5], "texture": "#0"},
				"up": {"uv": [11, 8, 8, 5], "texture": "#0"},
				"down": {"uv": [12, 9, 9, 12], "texture": "#0"}
			}
		},
		{
			"from": [5.75, 3.5, 5.75],
			"to": [9.25, 4, 9.25],
			"rotation": {"angle": 0, "axis": "y", "origin": [8, 7, 9]},
			"faces": {
				"north": {"uv": [9, 8, 13, 9], "texture": "#0"},
				"east": {"uv": [11, 0, 15, 1], "texture": "#0"},
				"south": {"uv": [11, 1, 15, 2], "texture": "#0"},
				"west": {"uv": [11, 2, 15, 3], "texture": "#0"},
				"up": {"uv": [4, 4, 0, 0], "texture": "#0"},
				"down": {"uv": [4, 4, 0, 8], "texture": "#0"}
			}
		},
		{
			"from": [5.75, 0.5, 5.75],
			"to": [9.25, 1, 9.25],
			"rotation": {"angle": 0, "axis": "y", "origin": [8, 4, 9]},
			"faces": {
				"north": {"uv": [11, 3, 15, 4], "texture": "#0"},
				"east": {"uv": [11, 4, 15, 5], "texture": "#0"},
				"south": {"uv": [11, 5, 15, 6], "texture": "#0"},
				"west": {"uv": [11, 6, 15, 7], "texture": "#0"},
				"up": {"uv": [8, 8, 4, 4], "texture": "#0"},
				"down": {"uv": [8, 0, 4, 4], "texture": "#0"}
			}
		},
		{
			"from": [7, 5, 7],
			"to": [8, 7, 8],
			"rotation": {"angle": 0, "axis": "y", "origin": [16, 8, 16]},
			"faces": {
				"north": {"uv": [0, 13, 1, 15], "texture": "#0"},
				"east": {"uv": [1, 13, 2, 15], "texture": "#0"},
				"south": {"uv": [2, 13, 3, 15], "texture": "#0"},
				"west": {"uv": [3, 13, 4, 15], "texture": "#0"},
				"up": {"uv": [4, 16, 3, 15], "texture": "#0"},
				"down": {"uv": [5, 15, 4, 16], "texture": "#0"}
			}
		},
		{
			"from": [7, 5.5, 9.3],
			"to": [8, 6.5, 10.3],
			"rotation": {"angle": 22.5, "axis": "x", "origin": [16, 7.5, 10.3]},
			"faces": {
				"north": {"uv": [5, 15, 6, 16], "texture": "#0"},
				"east": {"uv": [6, 15, 7, 16], "texture": "#0"},
				"south": {"uv": [7, 15, 8, 16], "texture": "#0"},
				"west": {"uv": [8, 15, 9, 16], "texture": "#0"},
				"up": {"uv": [14, 16, 13, 15], "texture": "#0"},
				"down": {"uv": [15, 15, 14, 16], "texture": "#0"}
			}
		},
		{
			"from": [7, 2.6, 9.7],
			"to": [8, 6.6, 9.95],
			"rotation": {"angle": 0, "axis": "x", "origin": [16, 5.6, 11.2]},
			"faces": {
				"north": {"uv": [9, 12, 10, 16], "texture": "#0"},
				"east": {"uv": [10, 12, 11, 16], "texture": "#0"},
				"south": {"uv": [11, 12, 12, 16], "texture": "#0"},
				"west": {"uv": [12, 12, 13, 16], "texture": "#0"},
				"up": {"uv": [16, 16, 15, 15], "texture": "#0"},
				"down": {"uv": [16, 0, 15, 1], "texture": "#0"}
			}
		},
		{
			"from": [7, 6, 8],
			"to": [8, 7, 9],
			"rotation": {"angle": 0, "axis": "y", "origin": [16, 8, 16]},
			"faces": {
				"north": {"uv": [15, 1, 16, 2], "texture": "#0"},
				"east": {"uv": [15, 2, 16, 3], "texture": "#0"},
				"south": {"uv": [15, 3, 16, 4], "texture": "#0"},
				"west": {"uv": [15, 4, 16, 5], "texture": "#0"},
				"up": {"uv": [16, 6, 15, 5], "texture": "#0"},
				"down": {"uv": [16, 6, 15, 7], "texture": "#0"}
			}
		}
	],
	"display": {
		"thirdperson_righthand": {
			"rotation": [0, 90, 0],
			"translation": [0.5, 6.25, 2]
		},
		"thirdperson_lefthand": {
			"rotation": [0, -90, 0],
			"translation": [-0.5, 5.25, 1.75]
		},
		"firstperson_righthand": {
			"rotation": [-50, 3, 0],
			"translation": [-0.25, 8.75, 1]
		},
		"firstperson_lefthand": {
			"rotation": [-21, 14, 0],
			"translation": [-1.25, 9.75, 2.25]
		},
		"ground": {
			"translation": [0, 5.5, 0]
		},
		"gui": {
			"rotation": [-79, 111, 90],
			"translation": [3.5, 8.75, 0],
			"scale": [2, 2, 2]
		},
		"head": {
			"rotation": [0, 90, 0],
			"translation": [2, 23.25, -2],
			"scale": [4, 4, 4]
		},
		"fixed": {
			"rotation": [0, -90, 0],
			"translation": [-0.75, 9, 0.25],
			"scale": [2, 2, 2]
		}
	}
}