{
	"credit": "Made with Blockbench",
	"textures": {
		"0": "p90_stock",
		"1": "p90_grip",
		"2": "p90_sight",
		"3": "p90_magazine",
		"4": "p90_chargingrail",
		"5": "p90_barrel",
		"6": "p90_barrel2",
		"7": "p90_trigger",
		"particle": "p90_stock"
	},
	"elements": [
		{
			"name": "stock",
			"from": [6.5875, 10, 8.025],
			"to": [7.4375, 12.0875, 8.05],
			"rotation": {"angle": 22.5, "axis": "z", "origin": [7.0125, 11.16875, 8.025]},
			"faces": {
				"north": {"uv": [0, 0, 0.85, 1.8375], "texture": "#2"},
				"east": {"uv": [0, 0, 0.15, 1.8375], "texture": "#2"},
				"south": {"uv": [0, 0, 0.85, 1.8375], "texture": "#2"},
				"west": {"uv": [0, 0, 0.15, 1.8375], "texture": "#2"},
				"up": {"uv": [0, 0, 0.85, 0.15], "texture": "#2"},
				"down": {"uv": [0, 0, 0.85, 0.15], "texture": "#2"}
			}
		},
		{
			"name": "stock",
			"from": [6.2625, 11.8375, 8],
			"to": [7.1125, 12.175, 8.05],
			"rotation": {"angle": 0, "axis": "z", "origin": [6.6875, 13.00625, 8.025]},
			"faces": {
				"north": {"uv": [0, 0, 0.85, 1.8375], "texture": "#2"},
				"east": {"uv": [0, 0, 0.15, 1.8375], "texture": "#2"},
				"south": {"uv": [0, 0, 0.85, 1.8375], "texture": "#2"},
				"west": {"uv": [0, 0, 0.15, 1.8375], "texture": "#2"},
				"up": {"uv": [0, 0, 0.85, 0.15], "texture": "#2"},
				"down": {"uv": [0, 0, 0.85, 0.15], "texture": "#2"}
			}
		},
		{
			"name": "stock",
			"from": [6.2625, 11.8375, 8.9125],
			"to": [7.1, 12.175, 8.9875],
			"rotation": {"angle": 0, "axis": "z", "origin": [6.6875, 13.00625, 8.9375]},
			"faces": {
				"north": {"uv": [0, 0, 0.85, 1.8375], "texture": "#2"},
				"east": {"uv": [0, 0, 0.15, 1.8375], "texture": "#2"},
				"south": {"uv": [0, 0, 0.85, 1.8375], "texture": "#2"},
				"west": {"uv": [0, 0, 0.15, 1.8375], "texture": "#2"},
				"up": {"uv": [0, 0, 0.85, 0.15], "texture": "#2"},
				"down": {"uv": [0, 0, 0.85, 0.15], "texture": "#2"}
			}
		},
		{
			"name": "stock",
			"from": [3.6, 11.99375, 8.00625],
			"to": [7.1125, 12.19375, 8.99375],
			"rotation": {"angle": 0, "axis": "x", "origin": [6.6875, 12.48125, 8.4875]},
			"faces": {
				"north": {"uv": [0, 0, 0.85, 0.15], "rotation": 180, "texture": "#2"},
				"east": {"uv": [0, 0, 0.15, 1.8375], "rotation": 90, "texture": "#2"},
				"south": {"uv": [0, 0, 0.85, 0.15], "texture": "#2"},
				"west": {"uv": [0, 0, 0.15, 1.8375], "rotation": 270, "texture": "#2"},
				"up": {"uv": [0, 0, 0.85, 1.8375], "texture": "#2"},
				"down": {"uv": [0, 0, 0.85, 1.8375], "rotation": 180, "texture": "#2"}
			}
		},
		{
			"name": "stock",
			"from": [3.6, 12.16875, 8.10625],
			"to": [7.1125, 12.30625, 8.35625],
			"rotation": {"angle": 0, "axis": "x", "origin": [6.6875, 12.65625, 8.4875]},
			"faces": {
				"north": {"uv": [0, 0, 0.85, 0.15], "rotation": 180, "texture": "#2"},
				"east": {"uv": [0, 0, 0.15, 1.8375], "rotation": 90, "texture": "#2"},
				"south": {"uv": [0, 0, 0.85, 0.15], "texture": "#2"},
				"west": {"uv": [0, 0, 0.15, 1.8375], "rotation": 270, "texture": "#2"},
				"up": {"uv": [0, 0, 0.85, 1.8375], "texture": "#2"},
				"down": {"uv": [0, 0, 0.85, 1.8375], "rotation": 180, "texture": "#2"}
			}
		},
		{
			"name": "stock",
			"from": [3.6, 12.16875, 8.59375],
			"to": [7.1125, 12.30625, 8.84375],
			"rotation": {"angle": 0, "axis": "x", "origin": [6.6875, 12.65625, 8.975]},
			"faces": {
				"north": {"uv": [0, 0, 0.85, 0.15], "rotation": 180, "texture": "#2"},
				"east": {"uv": [0, 0, 0.15, 1.8375], "rotation": 90, "texture": "#2"},
				"south": {"uv": [0, 0, 0.85, 0.15], "texture": "#2"},
				"west": {"uv": [0, 0, 0.15, 1.8375], "rotation": 270, "texture": "#2"},
				"up": {"uv": [0, 0, 0.85, 1.8375], "texture": "#2"},
				"down": {"uv": [0, 0, 0.85, 1.8375], "rotation": 180, "texture": "#2"}
			}
		},
		{
			"name": "stock",
			"from": [3.575, 11.65625, 8.00625],
			"to": [4.2125, 12.19375, 8.99375],
			"rotation": {"angle": 0, "axis": "x", "origin": [6.6875, 12.48125, 8.4875]},
			"faces": {
				"north": {"uv": [0, 0, 0.85, 0.15], "rotation": 180, "texture": "#2"},
				"east": {"uv": [0, 0, 0.15, 1.8375], "rotation": 90, "texture": "#2"},
				"south": {"uv": [0, 0, 0.85, 0.15], "texture": "#2"},
				"west": {"uv": [0, 0, 0.15, 1.8375], "rotation": 270, "texture": "#2"},
				"up": {"uv": [0, 0, 0.85, 1.8375], "texture": "#2"},
				"down": {"uv": [0, 0, 0.85, 1.8375], "rotation": 180, "texture": "#2"}
			}
		},
		{
			"name": "stock",
			"from": [3.6, 11.55625, 8.00625],
			"to": [4.8875, 11.75625, 8.99375],
			"rotation": {"angle": 22.5, "axis": "z", "origin": [3.7125, 11.65625, 8.5]},
			"faces": {
				"north": {"uv": [0, 0, 0.85, 0.15], "rotation": 180, "texture": "#2"},
				"east": {"uv": [0, 0, 0.15, 1.8375], "rotation": 90, "texture": "#2"},
				"south": {"uv": [0, 0, 0.85, 0.15], "texture": "#2"},
				"west": {"uv": [0, 0, 0.15, 1.8375], "rotation": 270, "texture": "#2"},
				"up": {"uv": [0, 0, 0.85, 1.8375], "texture": "#2"},
				"down": {"uv": [0, 0, 0.85, 1.8375], "rotation": 180, "texture": "#2"}
			}
		},
		{
			"name": "stock",
			"from": [3.5625, 10.25, 8.05],
			"to": [4.2125, 11.7, 9.05],
			"rotation": {"angle": 0, "axis": "y", "origin": [5.2125, 16.75, 16.05]},
			"faces": {
				"north": {"uv": [0, 0, 0.85, 1.825], "texture": "#2"},
				"east": {"uv": [0, 0, 1, 1.825], "texture": "#2"},
				"south": {"uv": [0, 0, 0.85, 1.825], "texture": "#2"},
				"west": {"uv": [0, 0, 1, 1.825], "texture": "#2"},
				"up": {"uv": [0, 0, 0.85, 1], "texture": "#2"},
				"down": {"uv": [0, 0, 0.85, 1], "texture": "#2"}
			}
		},
		{
			"name": "stock",
			"from": [3.5625, 10.25, 7.9],
			"to": [4.2125, 11.7, 8.05],
			"rotation": {"angle": 0, "axis": "y", "origin": [5.2125, 16.75, 15.05]},
			"faces": {
				"north": {"uv": [0, 0, 0.85, 1.8375], "texture": "#2"},
				"east": {"uv": [0, 0, 0.15, 1.8375], "texture": "#2"},
				"south": {"uv": [0, 0, 0.85, 1.8375], "texture": "#2"},
				"west": {"uv": [0, 0, 0.15, 1.8375], "texture": "#2"},
				"up": {"uv": [0, 0, 0.85, 0.15], "texture": "#2"},
				"down": {"uv": [0, 0, 0.85, 0.15], "texture": "#2"}
			}
		},
		{
			"name": "stock",
			"from": [6.5875, 9.75, 8.9],
			"to": [7.4375, 12.075, 8.975],
			"rotation": {"angle": 22.5, "axis": "z", "origin": [7.0125, 11.1625, 8.975]},
			"faces": {
				"north": {"uv": [0, 0, 0.85, 1.825], "texture": "#2"},
				"east": {"uv": [0, 0, 0.15, 1.825], "texture": "#2"},
				"south": {"uv": [0, 0, 0.85, 1.825], "texture": "#2"},
				"west": {"uv": [0, 0, 0.15, 1.825], "texture": "#2"},
				"up": {"uv": [0, 0, 0.85, 0.15], "texture": "#2"},
				"down": {"uv": [0, 0, 0.85, 0.15], "texture": "#2"}
			}
		},
		{
			"name": "stock",
			"from": [9, 8, 8],
			"to": [13.6375, 10.625, 9],
			"rotation": {"angle": 0, "axis": "y", "origin": [16, 16, 16]},
			"faces": {
				"north": {"uv": [0, 0, 6, 3], "texture": "#0"},
				"east": {"uv": [0, 0, 1, 3], "texture": "#0"},
				"south": {"uv": [0, 0, 6, 3], "texture": "#0"},
				"west": {"uv": [0, 0, 1, 3], "texture": "#0"},
				"up": {"uv": [0, 0, 6, 1], "texture": "#0"},
				"down": {"uv": [0, 0, 6, 1], "texture": "#0"}
			}
		},
		{
			"name": "stock",
			"from": [9.0125, 10.6125, 8],
			"to": [12.725, 11, 9],
			"rotation": {"angle": 0, "axis": "y", "origin": [16.0125, 16, 16]},
			"faces": {
				"north": {"uv": [0, 0, 6, 3], "texture": "#0"},
				"east": {"uv": [0, 0, 1, 3], "texture": "#0"},
				"south": {"uv": [0, 0, 6, 3], "texture": "#0"},
				"west": {"uv": [0, 0, 1, 3], "texture": "#0"},
				"up": {"uv": [0, 0, 6, 1], "texture": "#0"},
				"down": {"uv": [0, 0, 6, 1], "texture": "#0"}
			}
		},
		{
			"name": "stock",
			"from": [12.74304, 11.00877, 8],
			"to": [13.71804, 11.39627, 9],
			"rotation": {"angle": -22.5, "axis": "z", "origin": [11.71804, 11.20252, 8.5]},
			"faces": {
				"north": {"uv": [0, 0, 6, 3], "texture": "#0"},
				"east": {"uv": [0, 0, 1, 3], "texture": "#0"},
				"south": {"uv": [0, 0, 6, 3], "texture": "#0"},
				"west": {"uv": [0, 0, 1, 3], "texture": "#0"},
				"up": {"uv": [0, 0, 6, 1], "texture": "#0"},
				"down": {"uv": [0, 0, 6, 1], "texture": "#0"}
			}
		},
		{
			"from": [6.0125, 9.5, 8],
			"to": [9.0125, 10.3625, 9],
			"rotation": {"angle": 0, "axis": "y", "origin": [10.2625, 16, 16]},
			"faces": {
				"north": {"uv": [0, 0, 3.5, 0.8625], "texture": "#0"},
				"east": {"uv": [0, 0, 1, 0.8625], "texture": "#0"},
				"south": {"uv": [0, 0, 3.5, 0.8625], "texture": "#0"},
				"west": {"uv": [0, 0, 1, 0.8625], "texture": "#0"},
				"up": {"uv": [0, 0, 3.5, 1], "texture": "#0"},
				"down": {"uv": [0, 0, 3.5, 1], "texture": "#0"}
			}
		},
		{
			"from": [4.175, 10.2375, 8.1],
			"to": [7.325, 10.7875, 8.875],
			"rotation": {"angle": 0, "axis": "y", "origin": [7.9625, 16.5125, 16]},
			"faces": {
				"north": {"uv": [0, 0, 2.7875, 0.8625], "texture": "#3"},
				"east": {"uv": [0, 0, 0.775, 0.8625], "texture": "#3"},
				"south": {"uv": [0, 0, 2.7875, 0.8625], "texture": "#3"},
				"west": {"uv": [0, 0, 0.775, 0.8625], "texture": "#3"},
				"up": {"uv": [0, 0, 2.7875, 0.775], "texture": "#3"},
				"down": {"uv": [0, 0, 2.7875, 0.775], "texture": "#3"}
			}
		},
		{
			"from": [7.325, 10.0125, 8.1],
			"to": [9.25, 10.7875, 8.875],
			"rotation": {"angle": 0, "axis": "y", "origin": [10.2625, 16.5125, 16]},
			"faces": {
				"north": {"uv": [0, 0, 1.9375, 0.8625], "texture": "#3"},
				"east": {"uv": [0, 0, 0.775, 0.8625], "texture": "#3"},
				"south": {"uv": [0, 0, 1.9375, 0.8625], "texture": "#3"},
				"west": {"uv": [0, 0, 0.775, 0.8625], "texture": "#3"},
				"up": {"uv": [0, 0, 1.9375, 0.775], "texture": "#3"},
				"down": {"uv": [0, 0, 1.9375, 0.775], "texture": "#3"}
			}
		},
		{
			"from": [8.0875, 8.45, 8.15],
			"to": [9.225, 9.575, 8.85],
			"rotation": {"angle": 0, "axis": "y", "origin": [10.225, 15.3625, 16]},
			"faces": {
				"north": {"uv": [0, 0, 1.1375, 1.125], "texture": "#1"},
				"east": {"uv": [0, 0, 0.7, 1.125], "texture": "#1"},
				"south": {"uv": [0, 0, 1.1375, 1.125], "texture": "#1"},
				"west": {"uv": [0, 0, 0.7, 1.125], "texture": "#1"},
				"up": {"uv": [0, 0, 1.1375, 0.7], "texture": "#1"},
				"down": {"uv": [0, 0, 1.1375, 0.7], "texture": "#1"}
			}
		},
		{
			"from": [7.6625, 9.2375, 8.15],
			"to": [8.8625, 9.6625, 8.85],
			"rotation": {"angle": -22.5, "axis": "z", "origin": [8.2625, 9.45, 8.5]},
			"faces": {
				"north": {"uv": [0, 0, 1.2, 0.425], "texture": "#1"},
				"east": {"uv": [0, 0, 0.7, 0.425], "texture": "#1"},
				"south": {"uv": [0, 0, 1.2, 0.425], "texture": "#1"},
				"west": {"uv": [0, 0, 0.7, 0.425], "texture": "#1"},
				"up": {"uv": [0, 0, 1.2, 0.7], "texture": "#1"},
				"down": {"uv": [0, 0, 1.2, 0.7], "texture": "#1"}
			}
		},
		{
			"from": [7.7125, 8.0625, 8.15],
			"to": [10.6625, 8.8875, 8.85],
			"rotation": {"angle": 22.5, "axis": "z", "origin": [9.01875, 8.58125, 8.5]},
			"faces": {
				"north": {"uv": [0, 0, 2.95, 0.825], "texture": "#1"},
				"east": {"uv": [0, 0, 0.7, 0.825], "texture": "#1"},
				"south": {"uv": [0, 0, 2.95, 0.825], "texture": "#1"},
				"west": {"uv": [0, 0, 0.7, 0.825], "texture": "#1"},
				"up": {"uv": [0, 0, 2.95, 0.7], "texture": "#1"},
				"down": {"uv": [0, 0, 2.95, 0.7], "texture": "#1"}
			}
		},
		{
			"from": [6.9375, 7.6125, 8.15],
			"to": [8.0125, 8.4125, 8.85],
			"rotation": {"angle": 0, "axis": "y", "origin": [9.0125, 14.3625, 16]},
			"faces": {
				"north": {"uv": [0, 0, 1.075, 0.8], "texture": "#1"},
				"east": {"uv": [0, 0, 0.7, 0.8], "texture": "#1"},
				"south": {"uv": [0, 0, 1.075, 0.8], "texture": "#1"},
				"west": {"uv": [0, 0, 0.7, 0.8], "texture": "#1"},
				"up": {"uv": [0, 0, 1.075, 0.7], "texture": "#1"},
				"down": {"uv": [0, 0, 1.075, 0.7], "texture": "#1"}
			}
		},
		{
			"from": [6.2875, 7.8125, 8.15],
			"to": [7.5, 8.6375, 8.85],
			"rotation": {"angle": -22.5, "axis": "z", "origin": [6.90625, 8.55625, 8.5]},
			"faces": {
				"north": {"uv": [0, 0, 1.2125, 0.825], "texture": "#1"},
				"east": {"uv": [0, 0, 0.7, 0.825], "texture": "#1"},
				"south": {"uv": [0, 0, 1.2125, 0.825], "texture": "#1"},
				"west": {"uv": [0, 0, 0.7, 0.825], "texture": "#1"},
				"up": {"uv": [0, 0, 1.2125, 0.7], "texture": "#1"},
				"down": {"uv": [0, 0, 1.2125, 0.7], "texture": "#1"}
			}
		},
		{
			"from": [5.8625, 7.775, 8.15],
			"to": [7.2875, 8.6125, 8.85],
			"rotation": {"angle": -22.5, "axis": "z", "origin": [6.69375, 8.53125, 8.5]},
			"faces": {
				"north": {"uv": [0, 0, 1.425, 0.8375], "texture": "#1"},
				"east": {"uv": [0, 0, 0.7, 0.8375], "texture": "#1"},
				"south": {"uv": [0, 0, 1.425, 0.8375], "texture": "#1"},
				"west": {"uv": [0, 0, 0.7, 0.8375], "texture": "#1"},
				"up": {"uv": [0, 0, 1.425, 0.7], "texture": "#1"},
				"down": {"uv": [0, 0, 1.425, 0.7], "texture": "#1"}
			}
		},
		{
			"from": [5.8625, 8.7125, 8.15],
			"to": [6.5875, 9.5125, 8.85],
			"rotation": {"angle": 0, "axis": "y", "origin": [7.5875, 15.025, 16]},
			"faces": {
				"north": {"uv": [0, 0, 0.725, 0.8], "texture": "#1"},
				"east": {"uv": [0, 0, 0.7, 0.8], "texture": "#1"},
				"south": {"uv": [0, 0, 0.725, 0.8], "texture": "#1"},
				"west": {"uv": [0, 0, 0.7, 0.8], "texture": "#1"},
				"up": {"uv": [0, 0, 0.725, 0.7], "texture": "#1"},
				"down": {"uv": [0, 0, 0.725, 0.7], "texture": "#1"}
			}
		},
		{
			"from": [4.625, 9.275, 8.15],
			"to": [5.8875, 9.5125, 8.85],
			"rotation": {"angle": 0, "axis": "y", "origin": [5.5875, 15.025, 16]},
			"faces": {
				"north": {"uv": [0, 0, 1.2625, 0.2375], "texture": "#1"},
				"east": {"uv": [0, 0, 0.7, 0.2375], "texture": "#1"},
				"south": {"uv": [0, 0, 1.2625, 0.2375], "texture": "#1"},
				"west": {"uv": [0, 0, 0.7, 0.2375], "texture": "#1"},
				"up": {"uv": [0, 0, 1.2625, 0.7], "texture": "#1"},
				"down": {"uv": [0, 0, 1.2625, 0.7], "texture": "#1"}
			}
		},
		{
			"from": [5.4125, 8.8875, 8.3375],
			"to": [5.825, 9.6875, 8.6],
			"rotation": {"angle": 45, "axis": "z", "origin": [5.61875, 9.2875, 8.46875]},
			"faces": {
				"north": {"uv": [0, 0, 0.4125, 0.8], "texture": "#7"},
				"east": {"uv": [0, 0, 0.2625, 0.8], "texture": "#7"},
				"south": {"uv": [0, 0, 0.4125, 0.8], "texture": "#7"},
				"west": {"uv": [0, 0, 0.2625, 0.8], "texture": "#7"},
				"up": {"uv": [0, 0, 0.4125, 0.2625], "texture": "#7"},
				"down": {"uv": [0, 0, 0.4125, 0.2625], "texture": "#7"}
			}
		},
		{
			"from": [5.5375, 8.475, 8.3375],
			"to": [5.95, 9.275, 8.6],
			"rotation": {"angle": 0, "axis": "y", "origin": [6.95, 14.7875, 16]},
			"faces": {
				"north": {"uv": [0, 0, 0.4125, 0.8], "texture": "#7"},
				"east": {"uv": [0, 0, 0.2625, 0.8], "texture": "#7"},
				"south": {"uv": [0, 0, 0.4125, 0.8], "texture": "#7"},
				"west": {"uv": [0, 0, 0.2625, 0.8], "texture": "#7"},
				"up": {"uv": [0, 0, 0.4125, 0.2625], "texture": "#7"},
				"down": {"uv": [0, 0, 0.4125, 0.2625], "texture": "#7"}
			}
		},
		{
			"from": [5.4125, 8.3625, 8.3375],
			"to": [5.825, 8.95, 8.6],
			"rotation": {"angle": -45, "axis": "z", "origin": [5.61875, 8.55, 8.46875]},
			"faces": {
				"north": {"uv": [0, 0, 0.4125, 0.5875], "texture": "#7"},
				"east": {"uv": [0, 0, 0.2625, 0.5875], "texture": "#7"},
				"south": {"uv": [0, 0, 0.4125, 0.5875], "texture": "#7"},
				"west": {"uv": [0, 0, 0.2625, 0.5875], "texture": "#7"},
				"up": {"uv": [0, 0, 0.4125, 0.2625], "texture": "#7"},
				"down": {"uv": [0, 0, 0.4125, 0.2625], "texture": "#7"}
			}
		},
		{
			"from": [5.75, 9.2875, 8.1625],
			"to": [6.95, 9.7125, 8.8375],
			"rotation": {"angle": 22.5, "axis": "z", "origin": [6.35, 9.5, 8.5]},
			"faces": {
				"north": {"uv": [0, 0, 1.2, 0.425], "texture": "#1"},
				"east": {"uv": [0, 0, 0.7, 0.425], "texture": "#1"},
				"south": {"uv": [0, 0, 1.2, 0.425], "texture": "#1"},
				"west": {"uv": [0, 0, 0.7, 0.425], "texture": "#1"},
				"up": {"uv": [0, 0, 1.2, 0.7], "texture": "#1"},
				"down": {"uv": [0, 0, 1.2, 0.7], "texture": "#1"}
			}
		},
		{
			"from": [5.2, 8.1625, 8.15],
			"to": [5.9625, 8.55, 8.85],
			"rotation": {"angle": 0, "axis": "y", "origin": [7.5875, 15.025, 16]},
			"faces": {
				"north": {"uv": [0, 0, 0.7625, 0.3875], "texture": "#1"},
				"east": {"uv": [0, 0, 0.7, 0.3875], "texture": "#1"},
				"south": {"uv": [0, 0, 0.7625, 0.3875], "texture": "#1"},
				"west": {"uv": [0, 0, 0.7, 0.3875], "texture": "#1"},
				"up": {"uv": [0, 0, 0.7625, 0.7], "texture": "#1"},
				"down": {"uv": [0, 0, 0.7625, 0.7], "texture": "#1"}
			}
		},
		{
			"from": [4.88125, 8.05625, 8.15],
			"to": [5.41875, 8.48125, 8.85],
			"rotation": {"angle": 45, "axis": "z", "origin": [5.23125, 8.275, 8.46875]},
			"faces": {
				"north": {"uv": [0, 0, 0.425, 0.5375], "rotation": 90, "texture": "#1"},
				"east": {"uv": [0, 0, 0.425, 0.7], "rotation": 270, "texture": "#1"},
				"south": {"uv": [0, 0, 0.425, 0.5375], "rotation": 270, "texture": "#1"},
				"west": {"uv": [0, 0, 0.425, 0.7], "rotation": 270, "texture": "#1"},
				"up": {"uv": [0, 0, 0.7, 0.5375], "rotation": 270, "texture": "#1"},
				"down": {"uv": [0, 0, 0.7, 0.5375], "rotation": 270, "texture": "#1"}
			}
		},
		{
			"from": [4.6625, 7.4375, 8.15],
			"to": [5.225, 8.25, 8.85],
			"rotation": {"angle": 0, "axis": "y", "origin": [7.9625, 13.4875, 16]},
			"faces": {
				"north": {"uv": [0, 0, 0.5625, 0.8125], "texture": "#1"},
				"east": {"uv": [0, 0, 0.7, 0.8125], "texture": "#1"},
				"south": {"uv": [0, 0, 0.5625, 0.8125], "texture": "#1"},
				"west": {"uv": [0, 0, 0.7, 0.8125], "texture": "#1"},
				"up": {"uv": [0, 0, 0.5625, 0.7], "texture": "#1"},
				"down": {"uv": [0, 0, 0.5625, 0.7], "texture": "#1"}
			}
		},
		{
			"from": [4.6625, 7.425, 8.15],
			"to": [5.3125, 7.6125, 8.85],
			"rotation": {"angle": 0, "axis": "y", "origin": [7.9625, 12.925, 16]},
			"faces": {
				"north": {"uv": [0, 0, 0.65, 0.1875], "texture": "#1"},
				"east": {"uv": [0, 0, 0.7, 0.1875], "texture": "#1"},
				"south": {"uv": [0, 0, 0.65, 0.1875], "texture": "#1"},
				"west": {"uv": [0, 0, 0.7, 0.1875], "texture": "#1"},
				"up": {"uv": [0, 0, 0.65, 0.7], "texture": "#1"},
				"down": {"uv": [0, 0, 0.65, 0.7], "texture": "#1"}
			}
		},
		{
			"from": [5.1875, 7.475, 8.15],
			"to": [5.3125, 7.7, 8.85],
			"rotation": {"angle": 45, "axis": "z", "origin": [5.14375, 7.5375, 8.46875]},
			"faces": {
				"north": {"uv": [0, 0, 0.125, 0.225], "texture": "#1"},
				"east": {"uv": [0, 0, 0.7, 0.225], "texture": "#1"},
				"south": {"uv": [0, 0, 0.125, 0.225], "texture": "#1"},
				"west": {"uv": [0, 0, 0.7, 0.225], "texture": "#1"},
				"up": {"uv": [0, 0, 0.125, 0.7], "texture": "#1"},
				"down": {"uv": [0, 0, 0.125, 0.7], "texture": "#1"}
			}
		},
		{
			"from": [4.475, 7.5, 8.15],
			"to": [4.8, 7.85, 8.85],
			"rotation": {"angle": 45, "axis": "z", "origin": [4.63125, 7.6875, 8.46875]},
			"faces": {
				"north": {"uv": [0, 0, 0.325, 0.35], "texture": "#1"},
				"east": {"uv": [0, 0, 0.7, 0.35], "texture": "#1"},
				"south": {"uv": [0, 0, 0.325, 0.35], "texture": "#1"},
				"west": {"uv": [0, 0, 0.7, 0.35], "texture": "#1"},
				"up": {"uv": [0, 0, 0.325, 0.7], "texture": "#1"},
				"down": {"uv": [0, 0, 0.325, 0.7], "texture": "#1"}
			}
		},
		{
			"from": [4.4, 7.6875, 8.15],
			"to": [4.7125, 8.2, 8.85],
			"rotation": {"angle": 0, "axis": "y", "origin": [7.45, 13.8375, 16]},
			"faces": {
				"north": {"uv": [0, 0, 0.3125, 0.5125], "texture": "#1"},
				"east": {"uv": [0, 0, 0.7, 0.5125], "texture": "#1"},
				"south": {"uv": [0, 0, 0.3125, 0.5125], "texture": "#1"},
				"west": {"uv": [0, 0, 0.7, 0.5125], "texture": "#1"},
				"up": {"uv": [0, 0, 0.3125, 0.7], "texture": "#1"},
				"down": {"uv": [0, 0, 0.3125, 0.7], "texture": "#1"}
			}
		},
		{
			"from": [4.5125, 8.1625, 8.15],
			"to": [5.3375, 8.3875, 8.85],
			"rotation": {"angle": 0, "axis": "y", "origin": [7.5875, 14.025, 16]},
			"faces": {
				"north": {"uv": [0, 0, 0.825, 0.225], "texture": "#1"},
				"east": {"uv": [0, 0, 0.7, 0.225], "texture": "#1"},
				"south": {"uv": [0, 0, 0.825, 0.225], "texture": "#1"},
				"west": {"uv": [0, 0, 0.7, 0.225], "texture": "#1"},
				"up": {"uv": [0, 0, 0.825, 0.7], "texture": "#1"},
				"down": {"uv": [0, 0, 0.825, 0.7], "texture": "#1"}
			}
		},
		{
			"from": [4.35, 8.2125, 8.15],
			"to": [4.675, 9.5125, 8.85],
			"rotation": {"angle": 0, "axis": "y", "origin": [4.525, 15.025, 16]},
			"faces": {
				"north": {"uv": [0, 0, 0.325, 1.3], "texture": "#1"},
				"east": {"uv": [0, 0, 0.7, 1.3], "texture": "#1"},
				"south": {"uv": [0, 0, 0.325, 1.3], "texture": "#1"},
				"west": {"uv": [0, 0, 0.7, 1.3], "texture": "#1"},
				"up": {"uv": [0, 0, 0.325, 0.7], "texture": "#1"},
				"down": {"uv": [0, 0, 0.325, 0.7], "texture": "#1"}
			}
		},
		{
			"from": [4.425, 8.1875, 8.15],
			"to": [4.8, 8.5375, 8.85],
			"rotation": {"angle": 45, "axis": "z", "origin": [4.63125, 8.375, 8.46875]},
			"faces": {
				"north": {"uv": [0, 0, 0.375, 0.35], "texture": "#1"},
				"east": {"uv": [0, 0, 0.7, 0.35], "texture": "#1"},
				"south": {"uv": [0, 0, 0.375, 0.35], "texture": "#1"},
				"west": {"uv": [0, 0, 0.7, 0.35], "texture": "#1"},
				"up": {"uv": [0, 0, 0.375, 0.7], "texture": "#1"},
				"down": {"uv": [0, 0, 0.375, 0.7], "texture": "#1"}
			}
		},
		{
			"from": [4.575, 8.125, 8.15],
			"to": [4.9875, 8.475, 8.85],
			"rotation": {"angle": 45, "axis": "z", "origin": [4.78125, 8.075, 8.46875]},
			"faces": {
				"north": {"uv": [0, 0, 0.4125, 0.35], "texture": "#1"},
				"east": {"uv": [0, 0, 0.7, 0.35], "texture": "#1"},
				"south": {"uv": [0, 0, 0.4125, 0.35], "texture": "#1"},
				"west": {"uv": [0, 0, 0.7, 0.35], "texture": "#1"},
				"up": {"uv": [0, 0, 0.4125, 0.7], "texture": "#1"},
				"down": {"uv": [0, 0, 0.4125, 0.7], "texture": "#1"}
			}
		},
		{
			"from": [4.425, 9.0625, 8.1625],
			"to": [4.8375, 9.65, 8.8375],
			"rotation": {"angle": -45, "axis": "z", "origin": [4.63125, 9.25, 8.46875]},
			"faces": {
				"north": {"uv": [0, 0, 0.4125, 0.5875], "texture": "#1"},
				"east": {"uv": [0, 0, 0.7, 0.5875], "texture": "#1"},
				"south": {"uv": [0, 0, 0.4125, 0.5875], "texture": "#1"},
				"west": {"uv": [0, 0, 0.7, 0.5875], "texture": "#1"},
				"up": {"uv": [0, 0, 0.4125, 0.7], "texture": "#1"},
				"down": {"uv": [0, 0, 0.4125, 0.7], "texture": "#1"}
			}
		},
		{
			"from": [4.2375, 9.0125, 8.1625],
			"to": [4.65, 9.8125, 8.825],
			"rotation": {"angle": 22.5, "axis": "z", "origin": [4.44375, 9.4125, 8.5]},
			"faces": {
				"north": {"uv": [0, 0, 0.4125, 0.8], "texture": "#1"},
				"east": {"uv": [0, 0, 0.2625, 0.8], "texture": "#1"},
				"south": {"uv": [0, 0, 0.4125, 0.8], "texture": "#1"},
				"west": {"uv": [0, 0, 0.2625, 0.8], "texture": "#1"},
				"up": {"uv": [0, 0, 0.4125, 0.2625], "texture": "#1"},
				"down": {"uv": [0, 0, 0.4125, 0.2625], "texture": "#1"}
			}
		},
		{
			"from": [3.7125, 9.2875, 8.2],
			"to": [4.35, 9.725, 8.8],
			"rotation": {"angle": 0, "axis": "z", "origin": [4.03125, 9.25625, 8.5]},
			"faces": {
				"north": {"uv": [0, 0, 0.2875, 0.9375], "texture": "#1"},
				"east": {"uv": [0, 0, 0.45, 0.9375], "texture": "#1"},
				"south": {"uv": [0, 0, 0.2875, 0.9375], "texture": "#1"},
				"west": {"uv": [0, 0, 0.45, 0.9375], "texture": "#1"},
				"up": {"uv": [0, 0, 0.2875, 0.45], "texture": "#1"},
				"down": {"uv": [0, 0, 0.2875, 0.45], "texture": "#1"}
			}
		},
		{
			"from": [3.325, 9.0125, 8.2125],
			"to": [3.7375, 9.8125, 8.8],
			"rotation": {"angle": -22.5, "axis": "z", "origin": [3.53125, 9.4125, 8.5]},
			"faces": {
				"north": {"uv": [0, 0, 0.4125, 0.8], "texture": "#1"},
				"east": {"uv": [0, 0, 0.2625, 0.8], "texture": "#1"},
				"south": {"uv": [0, 0, 0.4125, 0.8], "texture": "#1"},
				"west": {"uv": [0, 0, 0.2625, 0.8], "texture": "#1"},
				"up": {"uv": [0, 0, 0.4125, 0.2625], "texture": "#1"},
				"down": {"uv": [0, 0, 0.4125, 0.2625], "texture": "#1"}
			}
		},
		{
			"from": [3.2125, 8.7875, 8.2],
			"to": [3.5625, 9.725, 8.8],
			"rotation": {"angle": 0, "axis": "z", "origin": [3.49375, 9.25625, 8.5]},
			"faces": {
				"north": {"uv": [0, 0, 0.2875, 0.9375], "texture": "#1"},
				"east": {"uv": [0, 0, 0.45, 0.9375], "texture": "#1"},
				"south": {"uv": [0, 0, 0.2875, 0.9375], "texture": "#1"},
				"west": {"uv": [0, 0, 0.45, 0.9375], "texture": "#1"},
				"up": {"uv": [0, 0, 0.2875, 0.45], "texture": "#1"},
				"down": {"uv": [0, 0, 0.2875, 0.45], "texture": "#1"}
			}
		},
		{
			"from": [4.2875, 9.725, 7.925],
			"to": [4.625, 10.0375, 9.0625],
			"rotation": {"angle": 0, "axis": "y", "origin": [7.85, 16, 16]},
			"faces": {
				"north": {"uv": [0, 0, 2.6, 0.8625], "texture": "#4"},
				"east": {"uv": [0, 0, 0.8, 0.8625], "texture": "#4"},
				"south": {"uv": [0, 0, 2.6, 0.8625], "texture": "#4"},
				"west": {"uv": [0, 0, 0.8, 0.8625], "texture": "#4"},
				"up": {"uv": [0, 0, 2.6, 0.8], "texture": "#4"},
				"down": {"uv": [0, 0, 2.6, 0.8], "texture": "#4"}
			}
		},
		{
			"from": [4.4625, 9.8, 8.0375],
			"to": [6.025, 9.9875, 8.9125],
			"rotation": {"angle": 0, "axis": "y", "origin": [7.9625, 16, 16]},
			"faces": {
				"north": {"uv": [0, 0, 2.6, 0.8625], "texture": "#4"},
				"east": {"uv": [0, 0, 0.8, 0.8625], "texture": "#4"},
				"south": {"uv": [0, 0, 2.6, 0.8625], "texture": "#4"},
				"west": {"uv": [0, 0, 0.8, 0.8625], "texture": "#4"},
				"up": {"uv": [0, 0, 2.6, 0.8], "texture": "#4"},
				"down": {"uv": [0, 0, 2.6, 0.8], "texture": "#4"}
			}
		},
		{
			"from": [2.6875, 9.675, 8.3],
			"to": [3.4875, 10.0875, 8.6625],
			"rotation": {"angle": 0, "axis": "y", "origin": [4.4875, 15.475, 16.05]},
			"faces": {
				"north": {"uv": [0, 0, 0.85, 0.4625], "texture": "#6"},
				"east": {"uv": [0, 0, 0.45, 0.4625], "texture": "#6"},
				"south": {"uv": [0, 0, 0.85, 0.4625], "texture": "#6"},
				"west": {"uv": [0, 0, 0.45, 0.4625], "texture": "#6"},
				"up": {"uv": [0, 0, 0.85, 0.45], "texture": "#6"},
				"down": {"uv": [0, 0, 0.85, 0.45], "texture": "#6"}
			}
		},
		{
			"from": [3.175, 9.5, 8.1375],
			"to": [6.025, 10.25, 8.85],
			"rotation": {"angle": 0, "axis": "y", "origin": [7.9625, 16, 16]},
			"faces": {
				"north": {"uv": [0, 0, 2.6, 0.8625], "texture": "#5"},
				"east": {"uv": [0, 0, 0.8, 0.8625], "texture": "#5"},
				"south": {"uv": [0, 0, 2.6, 0.8625], "texture": "#5"},
				"west": {"uv": [0, 0, 0.8, 0.8625], "texture": "#5"},
				"up": {"uv": [0, 0, 2.6, 0.8], "texture": "#5"},
				"down": {"uv": [0, 0, 2.6, 0.8], "texture": "#5"}
			}
		}
	],
	"display": {
		"thirdperson_righthand": {
			"rotation": [0, -90, 0],
			"translation": [0.5, -1.25, 0.25]
		},
		"thirdperson_lefthand": {
			"rotation": [0, 90, 0],
			"translation": [0, -1.25, 0.25]
		},
		"firstperson_righthand": {
			"rotation": [2, -93, 0],
			"translation": [5.25, 0.75, 5.25],
			"scale": [1.25, 1.25, 1.25]
		},
		"firstperson_lefthand": {
			"rotation": [2, 85, 0],
			"translation": [4, 0.75, 5.5],
			"scale": [1.25, 1.25, 1.25]
		},
		"ground": {
			"rotation": [90, 0, 0],
			"translation": [0, -2.25, -2],
			"scale": [1.08, 1.08, 1.08]
		},
		"gui": {
			"rotation": [0, -180, -45],
			"translation": [1.5, -1.25, 0],
			"scale": [1.11, 1.11, 1.11]
		},
		"fixed": {
			"translation": [-0.5, -2.25, -1],
			"scale": [1.44, 1.44, 1.44]
		}
	},
	"groups": [
		{
			"name": "sight",
			"origin": [8.4375, 16.75, 16.05],
			"color": 0,
			"children": [0, 1, 2, 3, 4, 5, 6, 7, 8, 9, 10]
		},
		{
			"name": "stock/thing",
			"origin": [10.2625, 16, 16],
			"color": 0,
			"children": [11, 12, 13, 14]
		},
		{
			"name": "magazine",
			"origin": [10.2625, 16.5125, 16],
			"color": 0,
			"children": [15, 16]
		},
		{
			"name": "grip",
			"origin": [3.49375, 9.25625, 8.5],
			"color": 0,
			"children": [17, 18, 19, 20, 21, 22, 23, 24,
				{
					"name": "trigger",
					"origin": [5.61875, 8.55, 8.46875],
					"color": 0,
					"children": [25, 26, 27]
				}, 28, 29, 30, 31, 32, 33, 34, 35, 36, 37, 38, 39, 40, 41, 42, 43, 44]
		},
		{
			"name": "charging handle",
			"origin": [7.9625, 16, 16],
			"color": 0,
			"children": [45, 46]
		},
		{
			"name": "barrel",
			"origin": [7.9625, 16, 16],
			"color": 0,
			"children": [47, 48]
		}
	]
}