{
	"credit": "Made with Blockbench",
	"textures": {
		"0": "micro_battery_holder",
		"1": "micro_battery",
		"2": "micro_handle",
		"3": "micro_powerbutton",
		"4": "micro_powerbutton2",
		"5": "micro_powerbutton3",
		"6": "micro_cover1",
		"7": "micro_cover2",
		"8": "micro_cover3",
		"9": "micro_detail1",
		"10": "micro_barrel",
		"11": "micro_detail2",
		"13": "micro_detail4",
		"14": "micro_barrel2",
		"15": "micro_tubes",
		"16": "micro_gauge",
		"particle": "micro_battery_holder"
	},
	"elements": [
		{
			"from": [11.2625, 9.95, 6.575],
			"to": [11.8, 10.5125, 9.075],
			"rotation": {"angle": 0, "axis": "y", "origin": [21.0625, 19, 16.175]},
			"faces": {
				"north": {"uv": [0, 0, 2.8, 2.05], "texture": "#2"},
				"east": {"uv": [0, 0, 1.9125, 2.05], "texture": "#2"},
				"south": {"uv": [0, 0, 2.8, 2.05], "texture": "#2"},
				"west": {"uv": [0, 0, 1.9125, 2.05], "texture": "#2"},
				"up": {"uv": [0, 0, 2.8, 1.9125], "texture": "#2"},
				"down": {"uv": [0, 0, 2.8, 1.9125], "texture": "#2"}
			}
		},
		{
			"from": [10.0625, 9.95, 6],
			"to": [10.6, 10.5125, 7.3],
			"rotation": {"angle": 45, "axis": "y", "origin": [10.33125, 10.24375, 5.5]},
			"faces": {
				"north": {"uv": [0, 0, 2.8, 2.05], "texture": "#2"},
				"east": {"uv": [0, 0, 1.9125, 2.05], "texture": "#2"},
				"south": {"uv": [0, 0, 2.8, 2.05], "texture": "#2"},
				"west": {"uv": [0, 0, 1.9125, 2.05], "texture": "#2"},
				"up": {"uv": [0, 0, 2.8, 1.9125], "texture": "#2"},
				"down": {"uv": [0, 0, 2.8, 1.9125], "texture": "#2"}
			}
		},
		{
			"from": [12.3, 10.4875, 7.2875],
			"to": [12.675, 11.075, 9.1625],
			"rotation": {"angle": 0, "axis": "y", "origin": [20.3875, 17.8125, 16]},
			"faces": {
				"north": {"uv": [0, 0, 2.8, 2.05], "texture": "#13"},
				"east": {"uv": [0, 0, 1.9125, 2.05], "texture": "#13"},
				"south": {"uv": [0, 0, 2.8, 2.05], "texture": "#13"},
				"west": {"uv": [0, 0, 1.9125, 2.05], "texture": "#13"},
				"up": {"uv": [0, 0, 2.8, 1.9125], "texture": "#13"},
				"down": {"uv": [0, 0, 2.8, 1.9125], "texture": "#13"}
			}
		},
		{
			"from": [12.9125, 10.4875, 7.2875],
			"to": [13.2875, 11.075, 9.1625],
			"rotation": {"angle": 0, "axis": "y", "origin": [21, 17.8125, 16]},
			"faces": {
				"north": {"uv": [0, 0, 2.8, 2.05], "texture": "#13"},
				"east": {"uv": [0, 0, 1.9125, 2.05], "texture": "#13"},
				"south": {"uv": [0, 0, 2.8, 2.05], "texture": "#13"},
				"west": {"uv": [0, 0, 1.9125, 2.05], "texture": "#13"},
				"up": {"uv": [0, 0, 2.8, 1.9125], "texture": "#13"},
				"down": {"uv": [0, 0, 2.8, 1.9125], "texture": "#13"}
			}
		},
		{
			"from": [11.2, 9.7875, 7.5625],
			"to": [13.9, 10.8125, 9.2125],
			"rotation": {"angle": 0, "axis": "y", "origin": [21, 17.8125, 16]},
			"faces": {
				"north": {"uv": [0, 0, 2.8, 2.05], "texture": "#14"},
				"east": {"uv": [0, 0, 1.9125, 2.05], "texture": "#14"},
				"south": {"uv": [0, 0, 2.8, 2.05], "texture": "#14"},
				"west": {"uv": [0, 0, 1.9125, 2.05], "texture": "#14"},
				"up": {"uv": [0, 0, 2.8, 1.9125], "texture": "#14"},
				"down": {"uv": [0, 0, 2.8, 1.9125], "texture": "#14"}
			}
		},
		{
			"from": [11.2, 10.8, 7.45],
			"to": [14, 12, 9.275],
			"rotation": {"angle": 0, "axis": "y", "origin": [21, 19, 16]},
			"faces": {
				"north": {"uv": [0, 0, 2.8, 2.05], "texture": "#6"},
				"east": {"uv": [0, 0, 1.9125, 2.05], "texture": "#6"},
				"south": {"uv": [0, 0, 2.8, 2.05], "texture": "#6"},
				"west": {"uv": [0, 0, 1.9125, 2.05], "texture": "#6"},
				"up": {"uv": [0, 0, 2.8, 1.9125], "texture": "#6"},
				"down": {"uv": [0, 0, 2.8, 1.9125], "texture": "#6"}
			}
		},
		{
			"from": [7.625, 10.8, 7.45],
			"to": [11.2125, 12, 9.275],
			"rotation": {"angle": 0, "axis": "y", "origin": [18.2125, 19, 16]},
			"faces": {
				"north": {"uv": [0, 0, 3.5875, 1.2], "texture": "#10"},
				"east": {"uv": [0, 0, 1.9125, 1.2], "texture": "#10"},
				"south": {"uv": [0, 0, 3.5875, 1.2], "texture": "#10"},
				"west": {"uv": [0, 0, 1.9125, 1.2], "texture": "#10"},
				"up": {"uv": [0, 0, 16, 16], "texture": "#10"},
				"down": {"uv": [0, 0, 3.5875, 1.9125], "texture": "#10"}
			}
		},
		{
			"from": [10.4375, 10.8, 7.7875],
			"to": [13.4125, 12.0625, 8.9625],
			"rotation": {"angle": 0, "axis": "y", "origin": [19.8, 19, 16]},
			"faces": {
				"north": {"uv": [0, 0, 3.5875, 1.2], "texture": "#8"},
				"east": {"uv": [0, 0, 1.9125, 1.2], "texture": "#8"},
				"south": {"uv": [0, 0, 3.5875, 1.2], "texture": "#8"},
				"west": {"uv": [0, 0, 1.9125, 1.2], "texture": "#8"},
				"up": {"uv": [0, 0, 3.5875, 1.9125], "texture": "#8"},
				"down": {"uv": [0, 0, 3.5875, 1.9125], "texture": "#8"}
			}
		},
		{
			"from": [8.5375, 9.9625, 7.725],
			"to": [11.2375, 10.8125, 8.95],
			"rotation": {"angle": 0, "axis": "y", "origin": [18.3375, 17.8125, 16]},
			"faces": {
				"north": {"uv": [0, 0, 2.8, 2.05], "texture": "#14"},
				"east": {"uv": [0, 0, 1.9125, 2.05], "texture": "#14"},
				"south": {"uv": [0, 0, 2.8, 2.05], "texture": "#14"},
				"west": {"uv": [0, 0, 1.9125, 2.05], "texture": "#14"},
				"up": {"uv": [0, 0, 2.8, 1.9125], "texture": "#14"},
				"down": {"uv": [0, 0, 2.8, 1.9125], "texture": "#14"}
			}
		},
		{
			"from": [7.55, 10.3375, 7.8625],
			"to": [8.6875, 10.8125, 8.825],
			"rotation": {"angle": 0, "axis": "y", "origin": [16.725, 17.8125, 16]},
			"faces": {
				"north": {"uv": [0, 0, 2.8, 2.05], "texture": "#14"},
				"east": {"uv": [0, 0, 1.9125, 2.05], "texture": "#14"},
				"south": {"uv": [0, 0, 2.8, 2.05], "texture": "#14"},
				"west": {"uv": [0, 0, 1.9125, 2.05], "texture": "#14"},
				"up": {"uv": [0, 0, 2.8, 1.9125], "texture": "#14"},
				"down": {"uv": [0, 0, 2.8, 1.9125], "texture": "#14"}
			}
		},
		{
			"from": [7.2125, 11.1625, 7.925],
			"to": [8.1125, 12.7125, 8.7375],
			"rotation": {"angle": 0, "axis": "y", "origin": [17.025, 21.25, 16]},
			"faces": {
				"north": {"uv": [0, 0, 4.45, 1.4125], "texture": "#11"},
				"east": {"uv": [0, 0, 2.75, 1.4125], "texture": "#11"},
				"south": {"uv": [0, 0, 4.45, 1.4125], "texture": "#11"},
				"west": {"uv": [0, 0, 2.75, 1.4125], "texture": "#11"},
				"up": {"uv": [0, 0, 4.45, 2.75], "texture": "#11"},
				"down": {"uv": [0, 0, 4.45, 2.75], "texture": "#11"}
			}
		},
		{
			"from": [7.2125, 12.25, 8.2375],
			"to": [8.15, 12.4375, 8.4],
			"rotation": {"angle": 0, "axis": "y", "origin": [17.025, 22.2375, 16]},
			"faces": {
				"north": {"uv": [0, 0, 4.45, 1.4125], "texture": "#13"},
				"east": {"uv": [0, 0, 2.75, 1.4125], "texture": "#13"},
				"south": {"uv": [0, 0, 4.45, 1.4125], "texture": "#13"},
				"west": {"uv": [0, 0, 2.75, 1.4125], "texture": "#13"},
				"up": {"uv": [0, 0, 4.45, 2.75], "texture": "#13"},
				"down": {"uv": [0, 0, 4.45, 2.75], "texture": "#13"}
			}
		},
		{
			"from": [2.45, 10.1375, 7.05],
			"to": [7.625, 12.3625, 9.675],
			"rotation": {"angle": 0, "axis": "y", "origin": [14.625, 19, 16]},
			"faces": {
				"north": {"uv": [0, 0, 5.9, 2.225], "texture": "#6"},
				"east": {"uv": [0, 0, 2.75, 2.225], "texture": "#6"},
				"south": {"uv": [0, 0, 5.9, 2.225], "texture": "#6"},
				"west": {"uv": [0, 0, 2.75, 2.225], "texture": "#6"},
				"up": {"uv": [0, 0, 5.9, 2.75], "texture": "#6"},
				"down": {"uv": [0, 0, 5.9, 2.75], "texture": "#6"}
			}
		},
		{
			"from": [2.425, 10.1375, 7.0125],
			"to": [7.6375, 11.225, 9.6875],
			"rotation": {"angle": 0, "axis": "y", "origin": [14.625, 19, 16]},
			"faces": {
				"north": {"uv": [0, 0, 5.9, 2.225], "texture": "#8"},
				"east": {"uv": [0, 0, 2.75, 2.225], "texture": "#8"},
				"south": {"uv": [0, 0, 5.9, 2.225], "texture": "#8"},
				"west": {"uv": [0, 0, 2.75, 2.225], "texture": "#8"},
				"up": {"uv": [0, 0, 5.9, 2.75], "texture": "#8"},
				"down": {"uv": [0, 0, 5.9, 2.75], "texture": "#8"}
			}
		},
		{
			"from": [2.425, 10.7875, 7.3375],
			"to": [14.0375, 11.225, 9.3625],
			"rotation": {"angle": 0, "axis": "y", "origin": [14.625, 19, 16]},
			"faces": {
				"north": {"uv": [0, 0, 5.9, 2.225], "texture": "#8"},
				"east": {"uv": [0, 0, 2.75, 2.225], "texture": "#8"},
				"south": {"uv": [0, 0, 5.9, 2.225], "texture": "#8"},
				"west": {"uv": [0, 0, 2.75, 2.225], "texture": "#8"},
				"up": {"uv": [0, 0, 5.9, 2.75], "texture": "#8"},
				"down": {"uv": [0, 0, 5.9, 2.75], "texture": "#8"}
			}
		},
		{
			"from": [5.1375, 10.4875, 6.825],
			"to": [6.975, 12.525, 8.8375],
			"rotation": {"angle": 0, "axis": "y", "origin": [14.625, 20.0125, 16]},
			"faces": {
				"north": {"uv": [0, 0, 4.45, 1.4125], "texture": "#7"},
				"east": {"uv": [0, 0, 2.75, 1.4125], "texture": "#7"},
				"south": {"uv": [0, 0, 4.45, 1.4125], "texture": "#7"},
				"west": {"uv": [0, 0, 2.75, 1.4125], "texture": "#7"},
				"up": {"uv": [0, 0, 4.45, 2.75], "texture": "#7"},
				"down": {"uv": [0, 0, 4.45, 2.75], "texture": "#7"}
			}
		},
		{
			"from": [3.25, 12.3625, 7.05],
			"to": [7.375, 13.0375, 9.7125],
			"rotation": {"angle": 0, "axis": "y", "origin": [15.175, 19.75, 16]},
			"faces": {
				"north": {"uv": [0, 0, 4.45, 1.4125], "texture": "#6"},
				"east": {"uv": [0, 0, 2.75, 1.4125], "texture": "#6"},
				"south": {"uv": [0, 0, 4.45, 1.4125], "texture": "#6"},
				"west": {"uv": [0, 0, 2.75, 1.4125], "texture": "#6"},
				"up": {"uv": [0, 0, 4.45, 2.75], "texture": "#6"},
				"down": {"uv": [0, 0, 4.45, 2.75], "texture": "#6"}
			}
		},
		{
			"from": [2.375, 9.1, 7.05],
			"to": [6.1875, 10.5125, 9.7125],
			"rotation": {"angle": 0, "axis": "y", "origin": [13.9875, 17.6375, 16]},
			"faces": {
				"north": {"uv": [0, 0, 4.45, 1.4125], "texture": "#7"},
				"east": {"uv": [0, 0, 2.75, 1.4125], "texture": "#7"},
				"south": {"uv": [0, 0, 4.45, 1.4125], "texture": "#7"},
				"west": {"uv": [0, 0, 2.75, 1.4125], "texture": "#7"},
				"up": {"uv": [0, 0, 4.45, 2.75], "texture": "#7"},
				"down": {"uv": [0, 0, 4.45, 2.75], "texture": "#7"}
			}
		},
		{
			"from": [2.375, 9.7875, 7],
			"to": [7.6625, 10.775, 9.7125],
			"rotation": {"angle": 0, "axis": "y", "origin": [13.9875, 18.325, 16]},
			"faces": {
				"north": {"uv": [0, 0, 4.45, 1.4125], "texture": "#7"},
				"east": {"uv": [0, 0, 2.75, 1.4125], "texture": "#7"},
				"south": {"uv": [0, 0, 4.45, 1.4125], "texture": "#7"},
				"west": {"uv": [0, 0, 2.75, 1.4125], "texture": "#7"},
				"up": {"uv": [0, 0, 4.45, 2.75], "texture": "#7"},
				"down": {"uv": [0, 0, 4.45, 2.75], "texture": "#7"}
			}
		},
		{
			"from": [2.6, 12.5625, 6.9125],
			"to": [5.7125, 13.4625, 8.8375],
			"rotation": {"angle": 0, "axis": "y", "origin": [14.625, 21.25, 16]},
			"faces": {
				"north": {"uv": [0, 0, 4.45, 1.4125], "texture": "#7"},
				"east": {"uv": [0, 0, 2.75, 1.4125], "texture": "#7"},
				"south": {"uv": [0, 0, 4.45, 1.4125], "texture": "#7"},
				"west": {"uv": [0, 0, 2.75, 1.4125], "texture": "#7"},
				"up": {"uv": [0, 0, 4.45, 2.75], "texture": "#7"},
				"down": {"uv": [0, 0, 4.45, 2.75], "texture": "#7"}
			}
		},
		{
			"from": [2.6, 9.5375, 6.8625],
			"to": [5.7125, 12.2875, 8.8375],
			"rotation": {"angle": 0, "axis": "y", "origin": [14.625, 21.25, 16]},
			"faces": {
				"north": {"uv": [0, 0, 4.45, 1.4125], "texture": "#7"},
				"east": {"uv": [0, 0, 2.75, 1.4125], "texture": "#7"},
				"south": {"uv": [0, 0, 4.45, 1.4125], "texture": "#7"},
				"west": {"uv": [0, 0, 2.75, 1.4125], "texture": "#7"},
				"up": {"uv": [0, 0, 4.45, 2.75], "texture": "#7"},
				"down": {"uv": [0, 0, 4.45, 2.75], "texture": "#7"}
			}
		},
		{
			"from": [3.3875, 10.075, 6.725],
			"to": [5.25, 11.825, 8.8375],
			"rotation": {"angle": 0, "axis": "y", "origin": [14.625, 21.25, 16]},
			"faces": {
				"north": {"uv": [0, 0, 4.45, 1.4125], "texture": "#9"},
				"east": {"uv": [0, 0, 2.75, 1.4125], "texture": "#9"},
				"south": {"uv": [0, 0, 4.45, 1.4125], "texture": "#9"},
				"west": {"uv": [0, 0, 2.75, 1.4125], "texture": "#9"},
				"up": {"uv": [0, 0, 16, 2.75], "texture": "#9"},
				"down": {"uv": [0, 0, 4.45, 2.75], "texture": "#9"}
			}
		},
		{
			"from": [3.8375, 12, 6.7375],
			"to": [4.7125, 12.8375, 8.8375],
			"rotation": {"angle": 0, "axis": "y", "origin": [14.55, 22.6375, 16]},
			"faces": {
				"north": {"uv": [0, 0, 4.45, 1.4125], "texture": "#9"},
				"east": {"uv": [0, 0, 2.75, 1.4125], "texture": "#9"},
				"south": {"uv": [0, 0, 4.45, 1.4125], "texture": "#9"},
				"west": {"uv": [0, 0, 2.75, 1.4125], "texture": "#9"},
				"up": {"uv": [0, 0, 16, 2.75], "texture": "#9"},
				"down": {"uv": [0, 0, 4.45, 2.75], "texture": "#9"}
			}
		},
		{
			"from": [2.525, 12.2125, 6.875],
			"to": [5.7375, 13.375, 8.9],
			"rotation": {"angle": 0, "axis": "y", "origin": [12.325, 21.2375, 16]},
			"faces": {
				"north": {"uv": [0, 0, 4.45, 1.4125], "texture": "#6"},
				"east": {"uv": [0, 0, 2.75, 1.4125], "texture": "#6"},
				"south": {"uv": [0, 0, 4.45, 1.4125], "texture": "#6"},
				"west": {"uv": [0, 0, 2.75, 1.4125], "texture": "#6"},
				"up": {"uv": [0, 0, 4.45, 2.75], "texture": "#6"},
				"down": {"uv": [0, 0, 4.45, 2.75], "texture": "#6"}
			}
		},
		{
			"from": [2.7625, 11.6125, 6.8125],
			"to": [5.4125, 13.425, 8.8375],
			"rotation": {"angle": 0, "axis": "y", "origin": [12.325, 21.2375, 16]},
			"faces": {
				"north": {"uv": [0, 0, 4.45, 1.4125], "texture": "#7"},
				"east": {"uv": [0, 0, 2.75, 1.4125], "texture": "#7"},
				"south": {"uv": [0, 0, 4.45, 1.4125], "texture": "#7"},
				"west": {"uv": [0, 0, 2.75, 1.4125], "texture": "#7"},
				"up": {"uv": [0, 0, 4.45, 2.75], "texture": "#7"},
				"down": {"uv": [0, 0, 4.45, 2.75], "texture": "#7"}
			}
		},
		{
			"from": [2.375, 12.2125, 7.0125],
			"to": [6.025, 13.2375, 9.7125],
			"rotation": {"angle": 0, "axis": "y", "origin": [14.625, 20.75, 16]},
			"faces": {
				"north": {"uv": [0, 0, 4.45, 1.4125], "texture": "#6"},
				"east": {"uv": [0, 0, 2.75, 1.4125], "texture": "#6"},
				"south": {"uv": [0, 0, 4.45, 1.4125], "texture": "#6"},
				"west": {"uv": [0, 0, 2.75, 1.4125], "texture": "#6"},
				"up": {"uv": [0, 0, 4.45, 2.75], "texture": "#6"},
				"down": {"uv": [0, 0, 4.45, 2.75], "texture": "#6"}
			}
		},
		{
			"from": [4.15, 11.9375, 7.425],
			"to": [5.3875, 13.6375, 8.825],
			"rotation": {"angle": 0, "axis": "y", "origin": [14.625, 21.25, 16]},
			"faces": {
				"north": {"uv": [0, 0, 4.45, 1.4125], "texture": "#15"},
				"east": {"uv": [0, 0, 2.75, 1.4125], "texture": "#15"},
				"south": {"uv": [0, 0, 4.45, 1.4125], "texture": "#15"},
				"west": {"uv": [0, 0, 2.75, 1.4125], "texture": "#15"},
				"up": {"uv": [0, 0, 4.45, 2.75], "texture": "#15"},
				"down": {"uv": [0, 0, 4.45, 2.75], "texture": "#15"}
			}
		},
		{
			"from": [4.40119, 12.52074, 7.45],
			"to": [5.06369, 14.54574, 8.1375],
			"rotation": {"angle": 45, "axis": "z", "origin": [4.73244, 13.53324, 7.79375]},
			"faces": {
				"north": {"uv": [0, 0, 5, 5], "texture": "#16"},
				"east": {"uv": [0, 0, 2.75, 1.4125], "texture": "#16"},
				"south": {"uv": [0, 0, 5.45, 5.413], "texture": "#16"},
				"west": {"uv": [0, 0, 2.75, 1.4125], "texture": "#16"},
				"up": {"uv": [7, 5, 16, 14], "texture": "#16"},
				"down": {"uv": [0, 0, 4.45, 2.75], "texture": "#missing"}
			}
		},
		{
			"from": [4.075, 12.3375, 9.275],
			"to": [4.6125, 13.3875, 9.775],
			"rotation": {"angle": 22.5, "axis": "x", "origin": [4.3625, 12.96875, 9.6125]},
			"faces": {
				"north": {"uv": [0, 0, 4.45, 1.4125], "texture": "#15"},
				"east": {"uv": [0, 0, 2.75, 1.4125], "texture": "#15"},
				"south": {"uv": [0, 0, 4.45, 1.4125], "texture": "#15"},
				"west": {"uv": [0, 0, 2.75, 1.4125], "texture": "#15"},
				"up": {"uv": [0, 0, 4.45, 2.75], "texture": "#15"},
				"down": {"uv": [0, 0, 4.45, 2.75], "texture": "#15"}
			}
		},
		{
			"from": [4.9, 12.3375, 9.3125],
			"to": [5.4375, 13.3875, 9.8125],
			"rotation": {"angle": 22.5, "axis": "x", "origin": [5.1875, 12.96875, 9.65]},
			"faces": {
				"north": {"uv": [0, 0, 4.45, 1.4125], "texture": "#15"},
				"east": {"uv": [0, 0, 2.75, 1.4125], "texture": "#15"},
				"south": {"uv": [0, 0, 4.45, 1.4125], "texture": "#15"},
				"west": {"uv": [0, 0, 2.75, 1.4125], "texture": "#15"},
				"up": {"uv": [0, 0, 4.45, 2.75], "texture": "#15"},
				"down": {"uv": [0, 0, 4.45, 2.75], "texture": "#15"}
			}
		},
		{
			"from": [5.7125, 12.3125, 9.3125],
			"to": [6.25, 13.3625, 9.8125],
			"rotation": {"angle": 22.5, "axis": "x", "origin": [6, 12.94375, 9.65]},
			"faces": {
				"north": {"uv": [0, 0, 4.45, 1.4125], "texture": "#15"},
				"east": {"uv": [0, 0, 2.75, 1.4125], "texture": "#15"},
				"south": {"uv": [0, 0, 4.45, 1.4125], "texture": "#15"},
				"west": {"uv": [0, 0, 2.75, 1.4125], "texture": "#15"},
				"up": {"uv": [0, 0, 4.45, 2.75], "texture": "#15"},
				"down": {"uv": [0, 0, 4.45, 2.75], "texture": "#15"}
			}
		},
		{
			"from": [6.475, 12.2625, 9.3125],
			"to": [7.0125, 13.3125, 9.8125],
			"rotation": {"angle": 22.5, "axis": "x", "origin": [6.7625, 12.89375, 9.65]},
			"faces": {
				"north": {"uv": [0, 0, 4.45, 1.4125], "texture": "#15"},
				"east": {"uv": [0, 0, 2.75, 1.4125], "texture": "#15"},
				"south": {"uv": [0, 0, 4.45, 1.4125], "texture": "#15"},
				"west": {"uv": [0, 0, 2.75, 1.4125], "texture": "#15"},
				"up": {"uv": [0, 0, 4.45, 2.75], "texture": "#15"},
				"down": {"uv": [0, 0, 4.45, 2.75], "texture": "#15"}
			}
		},
		{
			"from": [6.825, 12.2625, 8.525],
			"to": [7.3625, 13.3125, 9.025],
			"rotation": {"angle": 22.5, "axis": "x", "origin": [7.1125, 12.89375, 8.8625]},
			"faces": {
				"north": {"uv": [0, 0, 4.45, 1.4125], "texture": "#15"},
				"east": {"uv": [0, 0, 2.75, 1.4125], "texture": "#15"},
				"south": {"uv": [0, 0, 4.45, 1.4125], "texture": "#15"},
				"west": {"uv": [0, 0, 2.75, 1.4125], "texture": "#15"},
				"up": {"uv": [0, 0, 4.45, 2.75], "texture": "#15"},
				"down": {"uv": [0, 0, 4.45, 2.75], "texture": "#15"}
			}
		},
		{
			"from": [6.0625, 12.3125, 8.525],
			"to": [6.6, 13.3625, 9.025],
			"rotation": {"angle": 22.5, "axis": "x", "origin": [6.35, 12.94375, 8.8625]},
			"faces": {
				"north": {"uv": [0, 0, 4.45, 1.4125], "texture": "#15"},
				"east": {"uv": [0, 0, 2.75, 1.4125], "texture": "#15"},
				"south": {"uv": [0, 0, 4.45, 1.4125], "texture": "#15"},
				"west": {"uv": [0, 0, 2.75, 1.4125], "texture": "#15"},
				"up": {"uv": [0, 0, 4.45, 2.75], "texture": "#15"},
				"down": {"uv": [0, 0, 4.45, 2.75], "texture": "#15"}
			}
		},
		{
			"from": [6.7875, 12.4125, 7.725],
			"to": [7.3375, 13.4625, 8.25],
			"rotation": {"angle": -22.5, "axis": "x", "origin": [7.2, 13.04375, 8.0875]},
			"faces": {
				"north": {"uv": [0, 0, 4.45, 1.4125], "texture": "#15"},
				"east": {"uv": [0, 0, 2.75, 1.4125], "texture": "#15"},
				"south": {"uv": [0, 0, 4.45, 1.4125], "texture": "#15"},
				"west": {"uv": [0, 0, 2.75, 1.4125], "texture": "#15"},
				"up": {"uv": [0, 0, 4.45, 2.75], "texture": "#15"},
				"down": {"uv": [0, 0, 4.45, 2.75], "texture": "#15"}
			}
		},
		{
			"from": [6.4875, 12.4125, 6.9375],
			"to": [7.0375, 13.4625, 7.4625],
			"rotation": {"angle": -22.5, "axis": "x", "origin": [6.9, 13.04375, 7.3]},
			"faces": {
				"north": {"uv": [0, 0, 4.45, 1.4125], "texture": "#15"},
				"east": {"uv": [0, 0, 2.75, 1.4125], "texture": "#15"},
				"south": {"uv": [0, 0, 4.45, 1.4125], "texture": "#15"},
				"west": {"uv": [0, 0, 2.75, 1.4125], "texture": "#15"},
				"up": {"uv": [0, 0, 4.45, 2.75], "texture": "#15"},
				"down": {"uv": [0, 0, 4.45, 2.75], "texture": "#15"}
			}
		},
		{
			"from": [5.8125, 12.4125, 6.925],
			"to": [6.3625, 13.4625, 7.45],
			"rotation": {"angle": -22.5, "axis": "x", "origin": [6.225, 13.04375, 7.2875]},
			"faces": {
				"north": {"uv": [0, 0, 4.45, 1.4125], "texture": "#15"},
				"east": {"uv": [0, 0, 2.75, 1.4125], "texture": "#15"},
				"south": {"uv": [0, 0, 4.45, 1.4125], "texture": "#15"},
				"west": {"uv": [0, 0, 2.75, 1.4125], "texture": "#15"},
				"up": {"uv": [0, 0, 4.45, 2.75], "texture": "#15"},
				"down": {"uv": [0, 0, 4.45, 2.75], "texture": "#15"}
			}
		},
		{
			"from": [6.1125, 12.4125, 7.7125],
			"to": [6.6625, 13.4625, 8.2375],
			"rotation": {"angle": -22.5, "axis": "x", "origin": [6.525, 13.04375, 8.075]},
			"faces": {
				"north": {"uv": [0, 0, 4.45, 1.4125], "texture": "#15"},
				"east": {"uv": [0, 0, 2.75, 1.4125], "texture": "#15"},
				"south": {"uv": [0, 0, 4.45, 1.4125], "texture": "#15"},
				"west": {"uv": [0, 0, 2.75, 1.4125], "texture": "#15"},
				"up": {"uv": [0, 0, 4.45, 2.75], "texture": "#15"},
				"down": {"uv": [0, 0, 4.45, 2.75], "texture": "#15"}
			}
		},
		{
			"from": [0.96875, 12.70625, 8.05],
			"to": [1.65625, 12.90625, 8.3625],
			"rotation": {"angle": 0, "axis": "z", "origin": [1.29375, 12.4375, 8.21875]},
			"faces": {
				"north": {"uv": [0, 0, 4.45, 1.4125], "rotation": 90, "texture": "#3"},
				"east": {"uv": [0, 0, 4.45, 2.75], "rotation": 270, "texture": "#3"},
				"south": {"uv": [0, 0, 4.45, 1.4125], "rotation": 270, "texture": "#3"},
				"west": {"uv": [0, 0, 4.45, 2.75], "rotation": 270, "texture": "#3"},
				"up": {"uv": [0, 0, 2.75, 1.4125], "rotation": 270, "texture": "#3"},
				"down": {"uv": [0, 0, 2.75, 1.4125], "rotation": 270, "texture": "#3"}
			}
		},
		{
			"from": [-1.20625, 12.45625, 7.7125],
			"to": [0.76875, 12.99375, 8.7],
			"rotation": {"angle": 0, "axis": "z", "origin": [0.66875, 12.7875, 8.21875]},
			"faces": {
				"north": {"uv": [0, 0, 4.45, 1.4125], "rotation": 90, "texture": "#2"},
				"east": {"uv": [0, 0, 4.45, 2.75], "rotation": 270, "texture": "#2"},
				"south": {"uv": [0, 0, 4.45, 1.4125], "rotation": 270, "texture": "#2"},
				"west": {"uv": [0, 0, 4.45, 2.75], "rotation": 270, "texture": "#2"},
				"up": {"uv": [0, 0, 2.75, 1.4125], "rotation": 270, "texture": "#2"},
				"down": {"uv": [0, 0, 2.75, 1.4125], "rotation": 270, "texture": "#2"}
			}
		},
		{
			"from": [0.68125, 12.01875, 7.8625],
			"to": [2.10625, 12.81875, 8.5875],
			"rotation": {"angle": 0, "axis": "z", "origin": [1.29375, 12.35, 8.21875]},
			"faces": {
				"north": {"uv": [0, 0, 4.45, 1.4125], "rotation": 90, "texture": "#4"},
				"east": {"uv": [0, 0, 4.45, 2.75], "rotation": 270, "texture": "#4"},
				"south": {"uv": [0, 0, 4.45, 1.4125], "rotation": 270, "texture": "#4"},
				"west": {"uv": [0, 0, 4.45, 2.75], "rotation": 270, "texture": "#4"},
				"up": {"uv": [0, 0, 2.75, 1.4125], "rotation": 270, "texture": "#4"},
				"down": {"uv": [0, 0, 2.75, 1.4125], "rotation": 270, "texture": "#4"}
			}
		},
		{
			"from": [1.95, 11.4625, 7.7],
			"to": [2.6125, 13.5375, 8.7375],
			"rotation": {"angle": -45, "axis": "z", "origin": [2.28125, 12.725, 8.2]},
			"faces": {
				"north": {"uv": [0, 0, 4.45, 1.4125], "texture": "#5"},
				"east": {"uv": [0, 0, 2.75, 1.4125], "texture": "#5"},
				"south": {"uv": [0, 0, 4.45, 1.4125], "texture": "#5"},
				"west": {"uv": [0, 0, 2.75, 1.4125], "texture": "#5"},
				"up": {"uv": [0, 0, 4.45, 2.75], "texture": "#5"},
				"down": {"uv": [0, 0, 4.45, 2.75], "texture": "#5"}
			}
		},
		{
			"from": [1.7625, 9.9125, 7.0625],
			"to": [2.3125, 12.2125, 9.725],
			"rotation": {"angle": 0, "axis": "y", "origin": [12.2875, 18.4, 16]},
			"faces": {
				"north": {"uv": [0, 0, 5.9, 2.225], "texture": "#0"},
				"east": {"uv": [0, 0, 2.75, 2.225], "texture": "#0"},
				"south": {"uv": [0, 0, 5.9, 2.225], "texture": "#0"},
				"west": {"uv": [0, 0, 2.75, 2.225], "texture": "#0"},
				"up": {"uv": [0, 0, 5.9, 2.75], "texture": "#0"},
				"down": {"uv": [0, 0, 5.9, 2.75], "texture": "#0"}
			}
		},
		{
			"from": [1.3625, 9.9125, 7.0625],
			"to": [2.3125, 10.775, 9.725],
			"rotation": {"angle": 0, "axis": "y", "origin": [12.2875, 18.4, 16]},
			"faces": {
				"north": {"uv": [0, 0, 5.9, 2.225], "texture": "#0"},
				"east": {"uv": [0, 0, 2.75, 2.225], "texture": "#0"},
				"south": {"uv": [0, 0, 5.9, 2.225], "texture": "#0"},
				"west": {"uv": [0, 0, 2.75, 2.225], "texture": "#0"},
				"up": {"uv": [0, 0, 5.9, 2.75], "texture": "#0"},
				"down": {"uv": [0, 0, 5.9, 2.75], "texture": "#0"}
			}
		},
		{
			"from": [1.3, 9.7, 7.0625],
			"to": [1.85, 12, 9.725],
			"rotation": {"angle": -22.5, "axis": "z", "origin": [1.6875, 10.85, 8.39375]},
			"faces": {
				"north": {"uv": [0, 0, 5.9, 2.225], "texture": "#0"},
				"east": {"uv": [0, 0, 2.75, 2.225], "texture": "#0"},
				"south": {"uv": [0, 0, 5.9, 2.225], "texture": "#0"},
				"west": {"uv": [0, 0, 2.75, 2.225], "texture": "#0"},
				"up": {"uv": [0, 0, 5.9, 2.75], "texture": "#0"},
				"down": {"uv": [0, 0, 5.9, 2.75], "texture": "#0"}
			}
		},
		{
			"from": [0.0625, 9.2375, 7.0125],
			"to": [2.3125, 10.125, 9.725],
			"rotation": {"angle": 0, "axis": "y", "origin": [12.2875, 18.4, 16]},
			"faces": {
				"north": {"uv": [0, 0, 5.9, 2.225], "texture": "#0"},
				"east": {"uv": [0, 0, 2.75, 2.225], "texture": "#0"},
				"south": {"uv": [0, 0, 5.9, 2.225], "texture": "#0"},
				"west": {"uv": [0, 0, 2.75, 2.225], "texture": "#0"},
				"up": {"uv": [0, 0, 5.9, 2.75], "texture": "#0"},
				"down": {"uv": [0, 0, 5.9, 2.75], "texture": "#0"}
			}
		},
		{
			"from": [0.125, 9.2875, 7.1125],
			"to": [2.2875, 12.15, 9.5375],
			"rotation": {"angle": 0, "axis": "y", "origin": [12.2875, 18.4, 16]},
			"faces": {
				"north": {"uv": [0, 0, 5.9, 2.225], "texture": "#1"},
				"east": {"uv": [0, 0, 2.75, 2.225], "texture": "#1"},
				"south": {"uv": [0, 0, 5.9, 2.225], "texture": "#1"},
				"west": {"uv": [0, 0, 2.75, 2.225], "texture": "#1"},
				"up": {"uv": [0, 0, 5.9, 2.75], "texture": "#1"},
				"down": {"uv": [0, 0, 5.9, 2.75], "texture": "#1"}
			}
		}
	],
	"display": {
		"thirdperson_righthand": {
			"rotation": [0, 103, 0],
			"translation": [-1.25, -2.75, -3.75]
		},
		"thirdperson_lefthand": {
			"rotation": [0, -76, 0],
			"translation": [-1.25, -3, -3.5]
		},
		"firstperson_righthand": {
			"rotation": [0, 82, 0],
			"translation": [4, 0, 1.5]
		},
		"firstperson_lefthand": {
			"rotation": [0, -104, 0],
			"translation": [4.75, 0, 1.5]
		},
		"ground": {
			"rotation": [90, 0, 0],
			"translation": [1.75, -1, -3.75],
			"scale": [1.32, 1.32, 1.32]
		},
		"gui": {
			"rotation": [0, 0, 45],
			"translation": [3.25, -1, 0]
		},
		"fixed": {
			"rotation": [0, -180, 0],
			"translation": [-1.75, -4, -1.25],
			"scale": [1.23, 1.23, 1.23]
		}
	},
	"groups": [0, 1,
		{
			"name": "section3",
			"origin": [17.025, 22.2375, 16],
			"color": 0,
			"children": [2, 3, 4, 5, 6, 7, 8, 9, 10, 11]
		},
		{
			"name": "section2",
			"origin": [4.73244, 13.53324, 7.79375],
			"color": 0,
			"children": [12, 13, 14, 15, 16, 17, 18, 19, 20, 21, 22, 23, 24, 25, 26, 27,
				{
					"name": "tubes",
					"origin": [6.225, 13.04375, 7.2875],
					"color": 0,
					"children": [28, 29, 30, 31, 32, 33, 34, 35, 36, 37]
				}
			]
		},
		{
			"name": "section1",
			"origin": [12.2875, 18.4, 16],
			"color": 0,
			"children": [38, 39, 40, 41, 42, 43, 44, 45, 46]
		}
	]
}