{
	"credit": "Made with Blockbench",
	"textures": {
		"0": "mtf_sr_stock",
		"1": "mtf_sr_barrel",
		"2": "mtf_sr_detail",
		"3": "mtf_sr_detail2",
		"5": "mtf_sr_magazine",
		"6": "mtf_sr_trigger",
		"7": "mtf_sr_smol_detail",
		"8": "mtf_thing",
		"9": "mtf_sights",
		"10": "mtf_sights1",
		"11": "mtf_sights2",
		"particle": "mtf_sr_stock"
	},
	"elements": [
		{
			"from": [7.375, 7.9875, 8.4],
			"to": [7.625, 8.575, 8.8],
			"rotation": {"angle": 0, "axis": "y", "origin": [15.4375, 15.575, 16]},
			"faces": {
				"north": {"uv": [0, 0, 0.25, 0.5875], "texture": "#6"},
				"east": {"uv": [0, 0, 0.4, 0.5875], "texture": "#6"},
				"south": {"uv": [0, 0, 0.25, 0.5875], "texture": "#6"},
				"west": {"uv": [0, 0, 0.4, 0.5875], "texture": "#6"},
				"up": {"uv": [0, 0, 0.25, 0.4], "texture": "#6"},
				"down": {"uv": [0, 0, 0.25, 0.4], "texture": "#6"}
			}
		},
		{
			"from": [7.375, 7.675, 8.4125],
			"to": [7.6375, 8.125, 8.8],
			"rotation": {"angle": -45, "axis": "z", "origin": [7.45, 7.96875, 8.59375]},
			"faces": {
				"north": {"uv": [0, 0, 0.2625, 0.45], "texture": "#6"},
				"east": {"uv": [0, 0, 0.3875, 0.45], "texture": "#6"},
				"south": {"uv": [0, 0, 0.2625, 0.45], "texture": "#6"},
				"west": {"uv": [0, 0, 0.3875, 0.45], "texture": "#6"},
				"up": {"uv": [0, 0, 0.2625, 0.3875], "texture": "#6"},
				"down": {"uv": [0, 0, 0.2625, 0.3875], "texture": "#6"}
			}
		},
		{
			"from": [5.975, 7.6375, 8.4],
			"to": [7.375, 7.8375, 8.8],
			"rotation": {"angle": 0, "axis": "y", "origin": [14.5125, 15.225, 16]},
			"faces": {
				"north": {"uv": [0, 0, 1.4, 0.2], "texture": "#6"},
				"east": {"uv": [0, 0, 0.4, 0.2], "texture": "#6"},
				"south": {"uv": [0, 0, 1.4, 0.2], "texture": "#6"},
				"west": {"uv": [0, 0, 0.4, 0.2], "texture": "#6"},
				"up": {"uv": [0, 0, 1.4, 0.4], "texture": "#6"},
				"down": {"uv": [0, 0, 1.4, 0.4], "texture": "#6"}
			}
		},
		{
			"from": [7.09161, 8.09867, 8.5],
			"to": [7.20411, 8.54867, 8.725],
			"rotation": {"angle": 0, "axis": "z", "origin": [7.14786, 8.32367, 8.6125]},
			"faces": {
				"north": {"uv": [0, 0, 0.1125, 0.45], "texture": "#6"},
				"east": {"uv": [0, 0, 0.225, 0.45], "texture": "#6"},
				"south": {"uv": [0, 0, 0.1125, 0.45], "texture": "#6"},
				"west": {"uv": [0, 0, 0.225, 0.45], "texture": "#6"},
				"up": {"uv": [0, 0, 0.1125, 0.225], "texture": "#6"},
				"down": {"uv": [0, 0, 0.1125, 0.225], "texture": "#6"}
			}
		},
		{
			"from": [7.09161, 7.92367, 8.5],
			"to": [7.20411, 8.16117, 8.725],
			"rotation": {"angle": -45, "axis": "z", "origin": [7.14786, 8.14867, 8.6125]},
			"faces": {
				"north": {"uv": [0, 0, 0.1125, 0.2375], "texture": "#6"},
				"east": {"uv": [0, 0, 0.225, 0.2375], "texture": "#6"},
				"south": {"uv": [0, 0, 0.1125, 0.2375], "texture": "#6"},
				"west": {"uv": [0, 0, 0.225, 0.2375], "texture": "#6"},
				"up": {"uv": [0, 0, 0.1125, 0.225], "texture": "#6"},
				"down": {"uv": [0, 0, 0.1125, 0.225], "texture": "#6"}
			}
		},
		{
			"from": [7.65, 6.9125, 8.325],
			"to": [8.525, 8.7875, 8.8375],
			"rotation": {"angle": 22.5, "axis": "z", "origin": [8.0625, 8.05625, 8.59375]},
			"faces": {
				"north": {"uv": [0, 0, 0.875, 1.875], "texture": "#7"},
				"east": {"uv": [0, 0, 0.5125, 1.875], "texture": "#7"},
				"south": {"uv": [0, 0, 0.875, 1.875], "texture": "#7"},
				"west": {"uv": [0, 0, 0.5125, 1.875], "texture": "#7"},
				"up": {"uv": [0, 0, 0.875, 0.5125], "texture": "#7"},
				"down": {"uv": [0, 0, 0.875, 0.5125], "texture": "#7"}
			}
		},
		{
			"from": [4.4625, 8.5125, 8.275],
			"to": [8.3625, 9, 8.9125],
			"rotation": {"angle": 0, "axis": "y", "origin": [15.05, 16, 16]},
			"faces": {
				"north": {"uv": [0, 0, 3.9, 0.4875], "texture": "#7"},
				"east": {"uv": [0, 0, 0.6375, 0.4875], "texture": "#7"},
				"south": {"uv": [0, 0, 3.9, 0.4875], "texture": "#7"},
				"west": {"uv": [0, 0, 0.6375, 0.4875], "texture": "#7"},
				"up": {"uv": [0, 0, 3.9, 0.6375], "texture": "#7"},
				"down": {"uv": [0, 0, 3.9, 0.6375], "texture": "#7"}
			}
		},
		{
			"from": [4.525, 7.65, 8.275],
			"to": [6.0125, 8.525, 8.9125],
			"rotation": {"angle": 0, "axis": "y", "origin": [14.2, 15.525, 16]},
			"faces": {
				"north": {"uv": [0, 0, 1.4875, 0.875], "texture": "#7"},
				"east": {"uv": [0, 0, 0.6375, 0.875], "texture": "#7"},
				"south": {"uv": [0, 0, 1.4875, 0.875], "texture": "#7"},
				"west": {"uv": [0, 0, 0.6375, 0.875], "texture": "#7"},
				"up": {"uv": [0, 0, 1.4875, 0.6375], "texture": "#7"},
				"down": {"uv": [0, 0, 1.4875, 0.6375], "texture": "#7"}
			}
		},
		{
			"from": [8.25, 9, 8.1875],
			"to": [11.25, 10, 9],
			"rotation": {"angle": 0, "axis": "y", "origin": [18.25, 17, 16]},
			"faces": {
				"north": {"uv": [0, 0, 3, 1], "texture": "#0"},
				"east": {"uv": [0, 0, 0.8125, 1], "texture": "#0"},
				"south": {"uv": [0, 0, 3, 1], "texture": "#0"},
				"west": {"uv": [0, 0, 0.8125, 1], "texture": "#0"},
				"up": {"uv": [0, 0, 3, 0.8125], "texture": "#0"},
				"down": {"uv": [0, 0, 3, 0.8125], "texture": "#0"}
			}
		},
		{
			"from": [9.5625, 8.3875, 8.1875],
			"to": [12, 9.3875, 9],
			"rotation": {"angle": -22.5, "axis": "z", "origin": [10.5, 8.8875, 8.5]},
			"faces": {
				"north": {"uv": [0, 0, 2.4375, 1], "texture": "#0"},
				"east": {"uv": [0, 0, 0.8125, 1], "texture": "#0"},
				"south": {"uv": [0, 0, 2.4375, 1], "texture": "#0"},
				"west": {"uv": [0, 0, 0.8125, 1], "texture": "#0"},
				"up": {"uv": [0, 0, 2.4375, 0.8125], "texture": "#0"},
				"down": {"uv": [0, 0, 2.4375, 0.8125], "texture": "#0"}
			}
		},
		{
			"from": [11.2375, 8.05, 8.1875],
			"to": [12.0875, 10, 9],
			"rotation": {"angle": 0, "axis": "y", "origin": [19, 17, 16]},
			"faces": {
				"north": {"uv": [0, 0, 0.85, 1.95], "texture": "#0"},
				"east": {"uv": [0, 0, 0.8125, 1.95], "texture": "#0"},
				"south": {"uv": [0, 0, 0.85, 1.95], "texture": "#0"},
				"west": {"uv": [0, 0, 0.8125, 1.95], "texture": "#0"},
				"up": {"uv": [0, 0, 0.85, 0.8125], "texture": "#0"},
				"down": {"uv": [0, 0, 0.85, 0.8125], "texture": "#0"}
			}
		},
		{
			"from": [11.7, 7.8625, 8.1875],
			"to": [12.0875, 8.4875, 9],
			"rotation": {"angle": 0, "axis": "y", "origin": [19, 15.4875, 16]},
			"faces": {
				"north": {"uv": [0, 0, 0.3875, 0.625], "texture": "#0"},
				"east": {"uv": [0, 0, 0.8125, 0.625], "texture": "#0"},
				"south": {"uv": [0, 0, 0.3875, 0.625], "texture": "#0"},
				"west": {"uv": [0, 0, 0.8125, 0.625], "texture": "#0"},
				"up": {"uv": [0, 0, 0.3875, 0.8125], "texture": "#0"},
				"down": {"uv": [0, 0, 0.3875, 0.8125], "texture": "#0"}
			}
		},
		{
			"from": [9, 8.7625, 8.1875],
			"to": [10.5, 9.025, 9],
			"rotation": {"angle": 0, "axis": "y", "origin": [19, 17, 16]},
			"faces": {
				"north": {"uv": [0, 0, 1.5, 0.2625], "texture": "#0"},
				"east": {"uv": [0, 0, 0.8125, 0.2625], "texture": "#0"},
				"south": {"uv": [0, 0, 1.5, 0.2625], "texture": "#0"},
				"west": {"uv": [0, 0, 0.8125, 0.2625], "texture": "#0"},
				"up": {"uv": [0, 0, 1.5, 0.8125], "texture": "#0"},
				"down": {"uv": [0, 0, 1.5, 0.8125], "texture": "#0"}
			}
		},
		{
			"from": [8.9, 9.35, 8.1875],
			"to": [9.2375, 9.8375, 9],
			"rotation": {"angle": -45, "axis": "z", "origin": [8.4125, 9.3375, 8.5]},
			"faces": {
				"north": {"uv": [0, 0, 0.3375, 0.4875], "texture": "#0"},
				"east": {"uv": [0, 0, 0.8125, 0.4875], "texture": "#0"},
				"south": {"uv": [0, 0, 0.3375, 0.4875], "texture": "#0"},
				"west": {"uv": [0, 0, 0.8125, 0.4875], "texture": "#0"},
				"up": {"uv": [0, 0, 0.3375, 0.8125], "texture": "#0"},
				"down": {"uv": [0, 0, 0.3375, 0.8125], "texture": "#0"}
			}
		},
		{
			"from": [3.775, 9, 8.125],
			"to": [8.525, 10.05, 9.0375],
			"rotation": {"angle": 0, "axis": "y", "origin": [16, 17, 16]},
			"faces": {
				"north": {"uv": [0, 0, 4.75, 1.05], "texture": "#1"},
				"east": {"uv": [0, 0, 0.9125, 1.05], "texture": "#1"},
				"south": {"uv": [0, 0, 4.75, 1.05], "texture": "#1"},
				"west": {"uv": [0, 0, 0.9125, 1.05], "texture": "#1"},
				"up": {"uv": [0, 0, 4.75, 0.9125], "texture": "#1"},
				"down": {"uv": [0, 0, 4.75, 0.9125], "texture": "#1"}
			}
		},
		{
			"from": [1.375, 9.1125, 8.2375],
			"to": [3.8, 10.05, 8.9625],
			"rotation": {"angle": 0, "axis": "y", "origin": [15.7625, 17, 16]},
			"faces": {
				"north": {"uv": [0, 0, 2.425, 0.9375], "texture": "#1"},
				"east": {"uv": [0, 0, 0.725, 0.9375], "texture": "#1"},
				"south": {"uv": [0, 0, 2.425, 0.9375], "texture": "#1"},
				"west": {"uv": [0, 0, 0.725, 0.9375], "texture": "#1"},
				"up": {"uv": [0, 0, 2.425, 0.725], "texture": "#1"},
				"down": {"uv": [0, 0, 2.425, 0.725], "texture": "#1"}
			}
		},
		{
			"from": [1.6125, 9.925, 8.825],
			"to": [8.825, 10.1375, 9.1125],
			"rotation": {"angle": -22.5, "axis": "x", "origin": [5.30625, 9.6125, 8.70625]},
			"faces": {
				"north": {"uv": [0, 0, 7.2125, 0.2125], "texture": "#1"},
				"east": {"uv": [0, 0, 0.2875, 0.2125], "texture": "#1"},
				"south": {"uv": [0, 0, 7.2125, 0.2125], "texture": "#1"},
				"west": {"uv": [0, 0, 0.2875, 0.2125], "texture": "#1"},
				"up": {"uv": [0, 0, 7.2125, 0.2875], "texture": "#1"},
				"down": {"uv": [0, 0, 7.2125, 0.2875], "texture": "#1"}
			}
		},
		{
			"from": [1.6125, 9.99358, 8.25727],
			"to": [8.825, 10.20608, 8.54477],
			"rotation": {"angle": 22.5, "axis": "x", "origin": [5.21875, 10.09983, 8.40102]},
			"faces": {
				"north": {"uv": [0, 0, 7.2125, 0.2125], "texture": "#1"},
				"east": {"uv": [0, 0, 0.2875, 0.2125], "texture": "#1"},
				"south": {"uv": [0, 0, 7.2125, 0.2125], "texture": "#1"},
				"west": {"uv": [0, 0, 0.2875, 0.2125], "texture": "#1"},
				"up": {"uv": [0, 0, 7.2125, 0.2875], "texture": "#1"},
				"down": {"uv": [0, 0, 7.2125, 0.2875], "texture": "#1"}
			}
		},
		{
			"from": [1.6125, 10.0375, 8.3125],
			"to": [7.9, 10.2625, 8.875],
			"rotation": {"angle": 0, "axis": "y", "origin": [15.5, 17.375, 15.9625]},
			"faces": {
				"north": {"uv": [0, 0, 6.2875, 0.225], "texture": "#1"},
				"east": {"uv": [0, 0, 0.5625, 0.225], "texture": "#1"},
				"south": {"uv": [0, 0, 6.2875, 0.225], "texture": "#1"},
				"west": {"uv": [0, 0, 0.5625, 0.225], "texture": "#1"},
				"up": {"uv": [0, 0, 6.2875, 0.5625], "texture": "#1"},
				"down": {"uv": [0, 0, 6.2875, 0.5625], "texture": "#1"}
			}
		},
		{
			"from": [7.6, 10.0375, 8.325],
			"to": [7.7625, 10.3125, 8.875],
			"rotation": {"angle": 0, "axis": "y", "origin": [15.5625, 17.375, 16.025]},
			"faces": {
				"north": {"uv": [0, 0, 0.1625, 0.275], "texture": "#2"},
				"east": {"uv": [0, 0, 0.55, 0.275], "texture": "#2"},
				"south": {"uv": [0, 0, 0.1625, 0.275], "texture": "#2"},
				"west": {"uv": [0, 0, 0.55, 0.275], "texture": "#2"},
				"up": {"uv": [0, 0, 0.1625, 0.55], "texture": "#2"},
				"down": {"uv": [0, 0, 0.1625, 0.55], "texture": "#2"}
			}
		},
		{
			"from": [7.325, 10.0375, 8.325],
			"to": [7.4875, 10.3125, 8.875],
			"rotation": {"angle": 0, "axis": "y", "origin": [15.2875, 17.375, 16.025]},
			"faces": {
				"north": {"uv": [0, 0, 0.1625, 0.275], "texture": "#2"},
				"east": {"uv": [0, 0, 0.55, 0.275], "texture": "#2"},
				"south": {"uv": [0, 0, 0.1625, 0.275], "texture": "#2"},
				"west": {"uv": [0, 0, 0.55, 0.275], "texture": "#2"},
				"up": {"uv": [0, 0, 0.1625, 0.55], "texture": "#2"},
				"down": {"uv": [0, 0, 0.1625, 0.55], "texture": "#2"}
			}
		},
		{
			"from": [7.0375, 10.0375, 8.325],
			"to": [7.2, 10.3125, 8.875],
			"rotation": {"angle": 0, "axis": "y", "origin": [15, 17.375, 16.025]},
			"faces": {
				"north": {"uv": [0, 0, 0.1625, 0.275], "texture": "#2"},
				"east": {"uv": [0, 0, 0.55, 0.275], "texture": "#2"},
				"south": {"uv": [0, 0, 0.1625, 0.275], "texture": "#2"},
				"west": {"uv": [0, 0, 0.55, 0.275], "texture": "#2"},
				"up": {"uv": [0, 0, 0.1625, 0.55], "texture": "#2"},
				"down": {"uv": [0, 0, 0.1625, 0.55], "texture": "#2"}
			}
		},
		{
			"from": [6.75, 10.0375, 8.325],
			"to": [6.9125, 10.3125, 8.875],
			"rotation": {"angle": 0, "axis": "y", "origin": [14.7125, 17.375, 16.025]},
			"faces": {
				"north": {"uv": [0, 0, 0.1625, 0.275], "texture": "#2"},
				"east": {"uv": [0, 0, 0.55, 0.275], "texture": "#2"},
				"south": {"uv": [0, 0, 0.1625, 0.275], "texture": "#2"},
				"west": {"uv": [0, 0, 0.55, 0.275], "texture": "#2"},
				"up": {"uv": [0, 0, 0.1625, 0.55], "texture": "#2"},
				"down": {"uv": [0, 0, 0.1625, 0.55], "texture": "#2"}
			}
		},
		{
			"from": [6.45, 10.0375, 8.325],
			"to": [6.6125, 10.3125, 8.875],
			"rotation": {"angle": 0, "axis": "y", "origin": [14.4125, 17.375, 16.025]},
			"faces": {
				"north": {"uv": [0, 0, 0.1625, 0.275], "texture": "#2"},
				"east": {"uv": [0, 0, 0.55, 0.275], "texture": "#2"},
				"south": {"uv": [0, 0, 0.1625, 0.275], "texture": "#2"},
				"west": {"uv": [0, 0, 0.55, 0.275], "texture": "#2"},
				"up": {"uv": [0, 0, 0.1625, 0.55], "texture": "#2"},
				"down": {"uv": [0, 0, 0.1625, 0.55], "texture": "#2"}
			}
		},
		{
			"from": [6.15, 10.0375, 8.325],
			"to": [6.3125, 10.3125, 8.875],
			"rotation": {"angle": 0, "axis": "y", "origin": [14.1125, 17.375, 16.025]},
			"faces": {
				"north": {"uv": [0, 0, 0.1625, 0.275], "texture": "#2"},
				"east": {"uv": [0, 0, 0.55, 0.275], "texture": "#2"},
				"south": {"uv": [0, 0, 0.1625, 0.275], "texture": "#2"},
				"west": {"uv": [0, 0, 0.55, 0.275], "texture": "#2"},
				"up": {"uv": [0, 0, 0.1625, 0.55], "texture": "#2"},
				"down": {"uv": [0, 0, 0.1625, 0.55], "texture": "#2"}
			}
		},
		{
			"from": [5.875, 10.0375, 8.325],
			"to": [6.0375, 10.3125, 8.875],
			"rotation": {"angle": 0, "axis": "y", "origin": [13.8375, 17.375, 16.025]},
			"faces": {
				"north": {"uv": [0, 0, 0.1625, 0.275], "texture": "#2"},
				"east": {"uv": [0, 0, 0.55, 0.275], "texture": "#2"},
				"south": {"uv": [0, 0, 0.1625, 0.275], "texture": "#2"},
				"west": {"uv": [0, 0, 0.55, 0.275], "texture": "#2"},
				"up": {"uv": [0, 0, 0.1625, 0.55], "texture": "#2"},
				"down": {"uv": [0, 0, 0.1625, 0.55], "texture": "#2"}
			}
		},
		{
			"from": [5.6125, 10.0375, 8.325],
			"to": [5.775, 10.3125, 8.875],
			"rotation": {"angle": 0, "axis": "y", "origin": [13.575, 17.375, 16.025]},
			"faces": {
				"north": {"uv": [0, 0, 0.1625, 0.275], "texture": "#2"},
				"east": {"uv": [0, 0, 0.55, 0.275], "texture": "#2"},
				"south": {"uv": [0, 0, 0.1625, 0.275], "texture": "#2"},
				"west": {"uv": [0, 0, 0.55, 0.275], "texture": "#2"},
				"up": {"uv": [0, 0, 0.1625, 0.55], "texture": "#2"},
				"down": {"uv": [0, 0, 0.1625, 0.55], "texture": "#2"}
			}
		},
		{
			"from": [5.3125, 10.0375, 8.325],
			"to": [5.475, 10.3125, 8.875],
			"rotation": {"angle": 0, "axis": "y", "origin": [13.275, 17.375, 16.025]},
			"faces": {
				"north": {"uv": [0, 0, 0.1625, 0.275], "texture": "#2"},
				"east": {"uv": [0, 0, 0.55, 0.275], "texture": "#2"},
				"south": {"uv": [0, 0, 0.1625, 0.275], "texture": "#2"},
				"west": {"uv": [0, 0, 0.55, 0.275], "texture": "#2"},
				"up": {"uv": [0, 0, 0.1625, 0.55], "texture": "#2"},
				"down": {"uv": [0, 0, 0.1625, 0.55], "texture": "#2"}
			}
		},
		{
			"from": [5.0375, 10.0375, 8.325],
			"to": [5.2, 10.3125, 8.875],
			"rotation": {"angle": 0, "axis": "y", "origin": [13, 17.375, 16.025]},
			"faces": {
				"north": {"uv": [0, 0, 0.1625, 0.275], "texture": "#2"},
				"east": {"uv": [0, 0, 0.55, 0.275], "texture": "#2"},
				"south": {"uv": [0, 0, 0.1625, 0.275], "texture": "#2"},
				"west": {"uv": [0, 0, 0.55, 0.275], "texture": "#2"},
				"up": {"uv": [0, 0, 0.1625, 0.55], "texture": "#2"},
				"down": {"uv": [0, 0, 0.1625, 0.55], "texture": "#2"}
			}
		},
		{
			"from": [4.7625, 10.0375, 8.325],
			"to": [4.925, 10.3125, 8.875],
			"rotation": {"angle": 0, "axis": "y", "origin": [12.725, 17.375, 16.025]},
			"faces": {
				"north": {"uv": [0, 0, 0.1625, 0.275], "texture": "#2"},
				"east": {"uv": [0, 0, 0.55, 0.275], "texture": "#2"},
				"south": {"uv": [0, 0, 0.1625, 0.275], "texture": "#2"},
				"west": {"uv": [0, 0, 0.55, 0.275], "texture": "#2"},
				"up": {"uv": [0, 0, 0.1625, 0.55], "texture": "#2"},
				"down": {"uv": [0, 0, 0.1625, 0.55], "texture": "#2"}
			}
		},
		{
			"from": [4.5, 10.0375, 8.325],
			"to": [4.6625, 10.3125, 8.875],
			"rotation": {"angle": 0, "axis": "y", "origin": [12.4625, 17.375, 16.025]},
			"faces": {
				"north": {"uv": [0, 0, 0.1625, 0.275], "texture": "#2"},
				"east": {"uv": [0, 0, 0.55, 0.275], "texture": "#2"},
				"south": {"uv": [0, 0, 0.1625, 0.275], "texture": "#2"},
				"west": {"uv": [0, 0, 0.55, 0.275], "texture": "#2"},
				"up": {"uv": [0, 0, 0.1625, 0.55], "texture": "#2"},
				"down": {"uv": [0, 0, 0.1625, 0.55], "texture": "#2"}
			}
		},
		{
			"from": [4.225, 10.0375, 8.325],
			"to": [4.3875, 10.3125, 8.875],
			"rotation": {"angle": 0, "axis": "y", "origin": [12.1875, 17.375, 16.025]},
			"faces": {
				"north": {"uv": [0, 0, 0.1625, 0.275], "texture": "#2"},
				"east": {"uv": [0, 0, 0.55, 0.275], "texture": "#2"},
				"south": {"uv": [0, 0, 0.1625, 0.275], "texture": "#2"},
				"west": {"uv": [0, 0, 0.55, 0.275], "texture": "#2"},
				"up": {"uv": [0, 0, 0.1625, 0.55], "texture": "#2"},
				"down": {"uv": [0, 0, 0.1625, 0.55], "texture": "#2"}
			}
		},
		{
			"from": [3.9625, 10.0375, 8.325],
			"to": [4.125, 10.3125, 8.875],
			"rotation": {"angle": 0, "axis": "y", "origin": [11.925, 17.375, 16.025]},
			"faces": {
				"north": {"uv": [0, 0, 0.1625, 0.275], "texture": "#2"},
				"east": {"uv": [0, 0, 0.55, 0.275], "texture": "#2"},
				"south": {"uv": [0, 0, 0.1625, 0.275], "texture": "#2"},
				"west": {"uv": [0, 0, 0.55, 0.275], "texture": "#2"},
				"up": {"uv": [0, 0, 0.1625, 0.55], "texture": "#2"},
				"down": {"uv": [0, 0, 0.1625, 0.55], "texture": "#2"}
			}
		},
		{
			"from": [3.425, 10.0375, 8.325],
			"to": [3.5875, 10.3125, 8.875],
			"rotation": {"angle": 0, "axis": "y", "origin": [11.3875, 17.375, 16.025]},
			"faces": {
				"north": {"uv": [0, 0, 0.1625, 0.275], "texture": "#2"},
				"east": {"uv": [0, 0, 0.55, 0.275], "texture": "#2"},
				"south": {"uv": [0, 0, 0.1625, 0.275], "texture": "#2"},
				"west": {"uv": [0, 0, 0.55, 0.275], "texture": "#2"},
				"up": {"uv": [0, 0, 0.1625, 0.55], "texture": "#2"},
				"down": {"uv": [0, 0, 0.1625, 0.55], "texture": "#2"}
			}
		},
		{
			"from": [3.6875, 10.0375, 8.325],
			"to": [3.85, 10.3125, 8.875],
			"rotation": {"angle": 0, "axis": "y", "origin": [11.65, 17.375, 16.025]},
			"faces": {
				"north": {"uv": [0, 0, 0.1625, 0.275], "texture": "#2"},
				"east": {"uv": [0, 0, 0.55, 0.275], "texture": "#2"},
				"south": {"uv": [0, 0, 0.1625, 0.275], "texture": "#2"},
				"west": {"uv": [0, 0, 0.55, 0.275], "texture": "#2"},
				"up": {"uv": [0, 0, 0.1625, 0.55], "texture": "#2"},
				"down": {"uv": [0, 0, 0.1625, 0.55], "texture": "#2"}
			}
		},
		{
			"from": [3.125, 10.0375, 8.325],
			"to": [3.2875, 10.3125, 8.875],
			"rotation": {"angle": 0, "axis": "y", "origin": [11.0875, 17.375, 16.025]},
			"faces": {
				"north": {"uv": [0, 0, 0.1625, 0.275], "texture": "#2"},
				"east": {"uv": [0, 0, 0.55, 0.275], "texture": "#2"},
				"south": {"uv": [0, 0, 0.1625, 0.275], "texture": "#2"},
				"west": {"uv": [0, 0, 0.55, 0.275], "texture": "#2"},
				"up": {"uv": [0, 0, 0.1625, 0.55], "texture": "#2"},
				"down": {"uv": [0, 0, 0.1625, 0.55], "texture": "#2"}
			}
		},
		{
			"from": [2.8375, 10.0375, 8.325],
			"to": [3, 10.3125, 8.875],
			"rotation": {"angle": 0, "axis": "y", "origin": [10.8, 17.375, 16.025]},
			"faces": {
				"north": {"uv": [0, 0, 0.1625, 0.275], "texture": "#2"},
				"east": {"uv": [0, 0, 0.55, 0.275], "texture": "#2"},
				"south": {"uv": [0, 0, 0.1625, 0.275], "texture": "#2"},
				"west": {"uv": [0, 0, 0.55, 0.275], "texture": "#2"},
				"up": {"uv": [0, 0, 0.1625, 0.55], "texture": "#2"},
				"down": {"uv": [0, 0, 0.1625, 0.55], "texture": "#2"}
			}
		},
		{
			"from": [2.55, 10.0375, 8.325],
			"to": [2.7125, 10.3125, 8.875],
			"rotation": {"angle": 0, "axis": "y", "origin": [10.5125, 17.375, 16.025]},
			"faces": {
				"north": {"uv": [0, 0, 0.1625, 0.275], "texture": "#2"},
				"east": {"uv": [0, 0, 0.55, 0.275], "texture": "#2"},
				"south": {"uv": [0, 0, 0.1625, 0.275], "texture": "#2"},
				"west": {"uv": [0, 0, 0.55, 0.275], "texture": "#2"},
				"up": {"uv": [0, 0, 0.1625, 0.55], "texture": "#2"},
				"down": {"uv": [0, 0, 0.1625, 0.55], "texture": "#2"}
			}
		},
		{
			"from": [2.2375, 10.0375, 8.325],
			"to": [2.4, 10.3125, 8.875],
			"rotation": {"angle": 0, "axis": "y", "origin": [10.2, 17.375, 16.025]},
			"faces": {
				"north": {"uv": [0, 0, 0.1625, 0.275], "texture": "#2"},
				"east": {"uv": [0, 0, 0.55, 0.275], "texture": "#2"},
				"south": {"uv": [0, 0, 0.1625, 0.275], "texture": "#2"},
				"west": {"uv": [0, 0, 0.55, 0.275], "texture": "#2"},
				"up": {"uv": [0, 0, 0.1625, 0.55], "texture": "#2"},
				"down": {"uv": [0, 0, 0.1625, 0.55], "texture": "#2"}
			}
		},
		{
			"name": "magazine",
			"from": [4.6375, 6.4625, 8.425],
			"to": [5.85, 8.525, 8.7375],
			"rotation": {"angle": 0, "axis": "y", "origin": [14.2, 15.525, 16]},
			"faces": {
				"north": {"uv": [0, 0, 1.2125, 2.0625], "texture": "#5"},
				"east": {"uv": [0, 0, 0.3125, 2.0625], "texture": "#5"},
				"south": {"uv": [0, 0, 1.2125, 2.0625], "texture": "#5"},
				"west": {"uv": [0, 0, 0.3125, 2.0625], "texture": "#5"},
				"up": {"uv": [0, 0, 1.2125, 0.3125], "texture": "#5"},
				"down": {"uv": [0, 0, 1.2125, 0.3125], "texture": "#5"}
			}
		},
		{
			"name": "shootything",
			"from": [-1.0625, 9.1625, 8.475],
			"to": [4.45, 9.4625, 8.7125],
			"rotation": {"angle": 0, "axis": "y", "origin": [11.45, 16.7625, 16]},
			"faces": {
				"north": {"uv": [0, 0, 5.5125, 0.3], "texture": "#8"},
				"east": {"uv": [0, 0, 0.2375, 0.3], "texture": "#8"},
				"south": {"uv": [0, 0, 5.5125, 0.3], "texture": "#8"},
				"west": {"uv": [0, 0, 0.2375, 0.3], "texture": "#8"},
				"up": {"uv": [0, 0, 5.5125, 0.2375], "texture": "#8"},
				"down": {"uv": [0, 0, 5.5125, 0.2375], "texture": "#8"}
			}
		},
		{
			"from": [8.6625, 10.2625, 8.3625],
			"to": [8.825, 10.6, 8.525],
			"rotation": {"angle": 0, "axis": "y", "origin": [16.625, 17.6, 15.8625]},
			"faces": {
				"north": {"uv": [0, 0, 0.1625, 0.3375], "texture": "#9"},
				"east": {"uv": [0, 0, 0.1625, 0.3375], "texture": "#9"},
				"south": {"uv": [0, 0, 0.1625, 0.3375], "texture": "#9"},
				"west": {"uv": [0, 0, 0.1625, 0.3375], "texture": "#9"},
				"up": {"uv": [0, 0, 0.1625, 0.1625], "texture": "#9"},
				"down": {"uv": [0, 0, 0.1625, 0.1625], "texture": "#9"}
			}
		},
		{
			"from": [8.6625, 10.475, 8.4125],
			"to": [8.8625, 10.55, 8.475],
			"rotation": {"angle": 0, "axis": "y", "origin": [16.625, 17.6, 15.8625]},
			"faces": {
				"north": {"uv": [0, 0, 0.2, 0.075], "texture": "#10"},
				"east": {"uv": [0, 0, 0.0625, 0.075], "texture": "#10"},
				"south": {"uv": [0, 0, 0.2, 0.075], "texture": "#10"},
				"west": {"uv": [0, 0, 0.0625, 0.075], "texture": "#10"},
				"up": {"uv": [0, 0, 0.2, 0.0625], "texture": "#10"},
				"down": {"uv": [0, 0, 0.2, 0.0625], "texture": "#10"}
			}
		},
		{
			"from": [8.6625, 10.475, 8.7375],
			"to": [8.8625, 10.55, 8.8],
			"rotation": {"angle": 0, "axis": "y", "origin": [16.625, 17.6, 16.1875]},
			"faces": {
				"north": {"uv": [0, 0, 0.2, 0.075], "texture": "#10"},
				"east": {"uv": [0, 0, 0.0625, 0.075], "texture": "#10"},
				"south": {"uv": [0, 0, 0.2, 0.075], "texture": "#10"},
				"west": {"uv": [0, 0, 0.0625, 0.075], "texture": "#10"},
				"up": {"uv": [0, 0, 0.2, 0.0625], "texture": "#10"},
				"down": {"uv": [0, 0, 0.2, 0.0625], "texture": "#10"}
			}
		},
		{
			"from": [1.6, 10.2625, 8.525],
			"to": [1.7625, 10.5, 8.6875],
			"rotation": {"angle": 0, "axis": "y", "origin": [9.5625, 17.6, 16.025]},
			"faces": {
				"north": {"uv": [0, 0, 0.1625, 0.2375], "texture": "#9"},
				"east": {"uv": [0, 0, 0.1625, 0.2375], "texture": "#9"},
				"south": {"uv": [0, 0, 0.1625, 0.2375], "texture": "#9"},
				"west": {"uv": [0, 0, 0.1625, 0.2375], "texture": "#9"},
				"up": {"uv": [0, 0, 0.1625, 0.1625], "texture": "#9"},
				"down": {"uv": [0, 0, 0.1625, 0.1625], "texture": "#9"}
			}
		},
		{
			"from": [1.6, 10.375, 8.575],
			"to": [1.775, 10.45, 8.6375],
			"rotation": {"angle": 0, "axis": "y", "origin": [9.5625, 17.6, 16.025]},
			"faces": {
				"north": {"uv": [0, 0, 0.175, 0.075], "texture": "#11"},
				"east": {"uv": [0, 0, 0.0625, 0.075], "texture": "#11"},
				"south": {"uv": [0, 0, 0.175, 0.075], "texture": "#11"},
				"west": {"uv": [0, 0, 0.0625, 0.075], "texture": "#11"},
				"up": {"uv": [0, 0, 0.175, 0.0625], "texture": "#11"},
				"down": {"uv": [0, 0, 0.175, 0.0625], "texture": "#11"}
			}
		},
		{
			"from": [8.6625, 10.2625, 8.6875],
			"to": [8.825, 10.6, 8.85],
			"rotation": {"angle": 0, "axis": "y", "origin": [16.625, 17.6, 16.1875]},
			"faces": {
				"north": {"uv": [0, 0, 0.1625, 0.3375], "texture": "#9"},
				"east": {"uv": [0, 0, 0.1625, 0.3375], "texture": "#9"},
				"south": {"uv": [0, 0, 0.1625, 0.3375], "texture": "#9"},
				"west": {"uv": [0, 0, 0.1625, 0.3375], "texture": "#9"},
				"up": {"uv": [0, 0, 0.1625, 0.1625], "texture": "#9"},
				"down": {"uv": [0, 0, 0.1625, 0.1625], "texture": "#9"}
			}
		},
		{
			"from": [7.875, 10.0375, 8.2625],
			"to": [8.825, 10.3125, 8.925],
			"rotation": {"angle": 0, "axis": "y", "origin": [16.625, 17.375, 16.025]},
			"faces": {
				"north": {"uv": [0, 0, 0.95, 0.275], "texture": "#3"},
				"east": {"uv": [0, 0, 0.6625, 0.275], "texture": "#3"},
				"south": {"uv": [0, 0, 0.95, 0.275], "texture": "#3"},
				"west": {"uv": [0, 0, 0.6625, 0.275], "texture": "#3"},
				"up": {"uv": [0, 0, 0.95, 0.6625], "texture": "#3"},
				"down": {"uv": [0, 0, 0.95, 0.6625], "texture": "#3"}
			}
		},
		{
			"from": [8.925, 10.0375, 8.075],
			"to": [9.175, 10.3375, 9.0875],
			"rotation": {"angle": 0, "axis": "y", "origin": [9.13125, 10.15, 8.58125]},
			"faces": {
				"north": {"uv": [0, 0, 0.25, 0.3], "texture": "#3"},
				"east": {"uv": [0, 0, 1.0125, 0.3], "texture": "#3"},
				"south": {"uv": [0, 0, 0.25, 0.3], "texture": "#3"},
				"west": {"uv": [0, 0, 1.0125, 0.3], "texture": "#3"},
				"up": {"uv": [0, 0, 1.0125, 0.25], "rotation": 270, "texture": "#3"},
				"down": {"uv": [0, 0, 1.0125, 0.25], "rotation": 90, "texture": "#3"}
			}
		},
		{
			"from": [8.225, 10.0375, 8.475],
			"to": [9, 10.2125, 8.6875],
			"rotation": {"angle": 0, "axis": "y", "origin": [16.9, 17.375, 16]},
			"faces": {
				"north": {"uv": [0, 0, 0.775, 0.175], "texture": "#3"},
				"east": {"uv": [0, 0, 0.2125, 0.175], "texture": "#3"},
				"south": {"uv": [0, 0, 0.775, 0.175], "texture": "#3"},
				"west": {"uv": [0, 0, 0.2125, 0.175], "texture": "#3"},
				"up": {"uv": [0, 0, 0.775, 0.2125], "texture": "#3"},
				"down": {"uv": [0, 0, 0.775, 0.2125], "texture": "#3"}
			}
		}
	],
	"display": {
		"thirdperson_righthand": {
			"rotation": [0, -90, 0],
			"translation": [0.75, -0.5, 0.75]
		},
		"thirdperson_lefthand": {
			"rotation": [0, 90, 0],
			"translation": [-0.5, -0.75, 0.25]
		},
		"firstperson_righthand": {
			"rotation": [0, -100, 0],
			"translation": [4.75, 1.25, 5],
			"scale": [1.67, 1.67, 1.67]
		},
		"firstperson_lefthand": {
			"rotation": [0, 80, 0],
			"translation": [2, 1.5, 5],
			"scale": [1.67, 1.67, 1.67]
		},
		"ground": {
			"rotation": [90, 0, 0],
			"translation": [1.5, -2.25, -0.5],
			"scale": [1.25, 1.25, 1.25]
		},
		"gui": {
			"rotation": [0, -180, -45],
			"translation": [-0.75, -2.25, 0],
			"scale": [1.17, 1.17, 1.17]
		},
		"fixed": {
			"translation": [3.5, -1.25, -1],
			"scale": [1.42, 1.42, 1.42]
		}
	},
	"groups": [
		{
			"name": "trigger/triggerguard",
			"origin": [7.14786, 8.14867, 8.6125],
			"color": 0,
			"children": [0, 1, 2, 3, 4]
		},
		{
			"name": "grip",
			"origin": [14.2, 15.525, 16],
			"color": 0,
			"children": [5, 6, 7]
		},
		{
			"name": "stock",
			"origin": [8.4125, 9.3375, 8.5],
			"color": 0,
			"children": [8, 9, 10, 11, 12, 13]
		},
		{
			"name": "barrel",
			"origin": [5.21875, 10.09983, 8.40102],
			"color": 0,
			"children": [14, 15, 16, 17, 18]
		},
		{
			"name": "details",
			"origin": [10.2, 17.375, 16.025],
			"color": 0,
			"children": [19, 20, 21, 22, 23, 24, 25, 26, 27, 28, 29, 30, 31, 32, 33, 34, 35, 36, 37, 38]
		}, 39, 40,
		{
			"name": "sights",
			"origin": [16.625, 17.6, 16.1875],
			"color": 0,
			"children": [41, 42, 43, 44, 45, 46]
		},
		{
			"name": "other things",
			"origin": [15.5, 17.375, 15.9625],
			"color": 0,
			"children": [47, 48, 49]
		}
	]
}