{
	"credit": "Made with Blockbench",
	"textures": {
		"0": "usp_grip",
		"1": "usp_trigger",
		"2": "usp_barrel",
		"3": "usp_slide",
		"4": "usp",
		"5": "usp_ironsight",
		"6": "usp_ironsight2",
		"particle": "usp_grip"
	},
	"elements": [
		{
			"from": [8.125, 11.0875, 8.3875],
			"to": [9.2875, 11.7, 8.8625],
			"rotation": {"angle": 0, "axis": "z", "origin": [8.58125, 11.2125, 8.5]},
			"faces": {
				"north": {"uv": [0, 0, 1.1625, 0.6125], "texture": "#0"},
				"east": {"uv": [0, 0, 0.475, 0.6125], "texture": "#0"},
				"south": {"uv": [0, 0, 1.1625, 0.6125], "texture": "#0"},
				"west": {"uv": [0, 0, 0.475, 0.6125], "texture": "#0"},
				"up": {"uv": [0, 0, 1.1625, 0.475], "texture": "#0"},
				"down": {"uv": [0, 0, 1.1625, 0.475], "texture": "#0"}
			}
		},
		{
			"from": [8.125, 11.0875, 8.3875],
			"to": [9.2375, 12.2125, 8.8625],
			"rotation": {"angle": 0, "axis": "z", "origin": [8.58125, 11.2125, 8.5]},
			"faces": {
				"north": {"uv": [0, 0, 1.1125, 1.125], "texture": "#0"},
				"east": {"uv": [0, 0, 0.475, 1.125], "texture": "#0"},
				"south": {"uv": [0, 0, 1.1125, 1.125], "texture": "#0"},
				"west": {"uv": [0, 0, 0.475, 1.125], "texture": "#0"},
				"up": {"uv": [0, 0, 1.1125, 0.475], "texture": "#0"},
				"down": {"uv": [0, 0, 1.1125, 0.475], "texture": "#0"}
			}
		},
		{
			"from": [8.0375, 11.45, 8.3875],
			"to": [9.1875, 12.625, 8.8625],
			"rotation": {"angle": 0, "axis": "z", "origin": [8.53125, 11.8125, 8.5]},
			"faces": {
				"north": {"uv": [0, 0, 1.15, 1.175], "texture": "#0"},
				"east": {"uv": [0, 0, 0.475, 1.175], "texture": "#0"},
				"south": {"uv": [0, 0, 1.15, 1.175], "texture": "#0"},
				"west": {"uv": [0, 0, 0.475, 1.175], "texture": "#0"},
				"up": {"uv": [0, 0, 1.15, 0.475], "texture": "#0"},
				"down": {"uv": [0, 0, 1.15, 0.475], "texture": "#0"}
			}
		},
		{
			"from": [7.9375, 12.0375, 8.3875],
			"to": [9.0875, 13.0125, 8.8625],
			"rotation": {"angle": 0, "axis": "z", "origin": [8.43125, 12.2, 8.5]},
			"faces": {
				"north": {"uv": [0, 0, 1.15, 0.975], "texture": "#0"},
				"east": {"uv": [0, 0, 0.475, 0.975], "texture": "#0"},
				"south": {"uv": [0, 0, 1.15, 0.975], "texture": "#0"},
				"west": {"uv": [0, 0, 0.475, 0.975], "texture": "#0"},
				"up": {"uv": [0, 0, 1.15, 0.475], "texture": "#0"},
				"down": {"uv": [0, 0, 1.15, 0.475], "texture": "#0"}
			}
		},
		{
			"from": [7.8625, 12.625, 8.3875],
			"to": [9, 13.4, 8.8625],
			"rotation": {"angle": 0, "axis": "z", "origin": [8.43125, 12.2, 8.5]},
			"faces": {
				"north": {"uv": [0, 0, 1.1375, 0.775], "texture": "#0"},
				"east": {"uv": [0, 0, 0.475, 0.775], "texture": "#0"},
				"south": {"uv": [0, 0, 1.1375, 0.775], "texture": "#0"},
				"west": {"uv": [0, 0, 0.475, 0.775], "texture": "#0"},
				"up": {"uv": [0, 0, 1.1375, 0.475], "texture": "#0"},
				"down": {"uv": [0, 0, 1.1375, 0.475], "texture": "#0"}
			}
		},
		{
			"from": [7.9375, 13.6375, 8.275],
			"to": [9.4, 14.4125, 8.9625],
			"rotation": {"angle": 0, "axis": "z", "origin": [8.43125, 13.2125, 8.5]},
			"faces": {
				"north": {"uv": [0, 0, 1.4625, 0.775], "texture": "#3"},
				"east": {"uv": [0, 0, 0.6875, 0.775], "texture": "#3"},
				"south": {"uv": [0, 0, 1.4625, 0.775], "texture": "#3"},
				"west": {"uv": [0, 0, 0.6875, 0.775], "texture": "#3"},
				"up": {"uv": [0, 0, 1.4625, 0.6875], "texture": "#3"},
				"down": {"uv": [0, 0, 1.4625, 0.6875], "texture": "#3"}
			}
		},
		{
			"from": [5.6, 13.6375, 8.275],
			"to": [7.025, 14.4125, 8.9625],
			"rotation": {"angle": 0, "axis": "z", "origin": [6.09375, 13.2125, 8.5]},
			"faces": {
				"north": {"uv": [0, 0, 1.425, 0.775], "texture": "#3"},
				"east": {"uv": [0, 0, 0.6875, 0.775], "texture": "#3"},
				"south": {"uv": [0, 0, 1.425, 0.775], "texture": "#3"},
				"west": {"uv": [0, 0, 0.6875, 0.775], "texture": "#3"},
				"up": {"uv": [0, 0, 1.425, 0.6875], "texture": "#3"},
				"down": {"uv": [0, 0, 1.425, 0.6875], "texture": "#3"}
			}
		},
		{
			"from": [6.7375, 13.6375, 8.275],
			"to": [8.1625, 14.1375, 8.35],
			"rotation": {"angle": 0, "axis": "z", "origin": [7.23125, 13.2125, 8.5]},
			"faces": {
				"north": {"uv": [0, 0, 1.425, 0.5], "texture": "#3"},
				"east": {"uv": [0, 0, 0, 0.5], "texture": "#3"},
				"south": {"uv": [0, 0, 1.425, 0.5], "texture": "#3"},
				"west": {"uv": [0, 0, 0, 0.5], "texture": "#3"},
				"up": {"uv": [0, 0, 1.425, 0], "texture": "#3"},
				"down": {"uv": [0, 0, 1.425, 0], "texture": "#3"}
			}
		},
		{
			"from": [6.7375, 13.6375, 8.6625],
			"to": [8.1625, 14.4125, 8.9625],
			"rotation": {"angle": 0, "axis": "z", "origin": [7.23125, 13.2125, 8.5]},
			"faces": {
				"north": {"uv": [0, 0, 1.425, 0.775], "texture": "#3"},
				"east": {"uv": [0, 0, 0.3, 0.775], "texture": "#3"},
				"south": {"uv": [0, 0, 1.425, 0.775], "texture": "#3"},
				"west": {"uv": [0, 0, 0.3, 0.775], "texture": "#3"},
				"up": {"uv": [0, 0, 1.425, 0.3], "texture": "#3"},
				"down": {"uv": [0, 0, 1.425, 0.3], "texture": "#3"}
			}
		},
		{
			"from": [4.525, 13.225, 8.275],
			"to": [5.55, 14.4125, 8.9625],
			"rotation": {"angle": 0, "axis": "z", "origin": [4.61875, 13.2125, 8.5]},
			"faces": {
				"north": {"uv": [0, 0, 12.322, 15.245], "texture": "#4"},
				"east": {"uv": [0, 0, 0.6875, 1.1875], "texture": "#4"},
				"south": {"uv": [0, 0, 1.025, 1.1875], "texture": "#4"},
				"west": {"uv": [0, 0, 0.6875, 1.1875], "texture": "#4"},
				"up": {"uv": [0, 0, 1.025, 0.6875], "texture": "#4"},
				"down": {"uv": [0, 0, 1.025, 0.6875], "texture": "#4"}
			}
		},
		{
			"from": [4.3875, 13.5125, 8.275],
			"to": [5.0875, 14.4125, 8.9625],
			"rotation": {"angle": 0, "axis": "z", "origin": [4.15625, 13.2125, 8.5]},
			"faces": {
				"north": {"uv": [0, 0, 12.322, 15.245], "texture": "#4"},
				"east": {"uv": [0, 0, 0.6875, 0.9], "texture": "#4"},
				"south": {"uv": [0, 0, 0.7, 0.9], "texture": "#4"},
				"west": {"uv": [0, 0, 0.6875, 0.9], "texture": "#4"},
				"up": {"uv": [0, 0, 0.7, 0.6875], "texture": "#4"},
				"down": {"uv": [0, 0, 0.7, 0.6875], "texture": "#4"}
			}
		},
		{
			"from": [4.45, 13.225, 8.3375],
			"to": [9.3625, 13.9, 8.9125],
			"rotation": {"angle": 0, "axis": "z", "origin": [8.43125, 12.8, 8.5]},
			"faces": {
				"north": {"uv": [0, 0, 12.322, 15.245], "texture": "#4"},
				"east": {"uv": [0, 0, 0.575, 1], "texture": "#4"},
				"south": {"uv": [0, 0, 4.9125, 1], "texture": "#4"},
				"west": {"uv": [0, 0, 0.575, 1], "texture": "#4"},
				"up": {"uv": [0, 0, 4.9125, 0.575], "texture": "#4"},
				"down": {"uv": [0, 0, 4.9125, 0.575], "texture": "#4"}
			}
		},
		{
			"from": [6.65625, 12.41875, 8.525],
			"to": [6.90625, 13.38125, 8.7125],
			"rotation": {"angle": 22.5, "axis": "z", "origin": [6.78125, 12.8625, 8.63125]},
			"faces": {
				"north": {"uv": [0, 0, 0.9625, 0.25], "rotation": 90, "texture": "#1"},
				"east": {"uv": [0, 0, 0.9625, 0.1875], "rotation": 270, "texture": "#1"},
				"south": {"uv": [0, 0, 0.9625, 0.25], "rotation": 270, "texture": "#1"},
				"west": {"uv": [0, 0, 0.9625, 0.1875], "rotation": 270, "texture": "#1"},
				"up": {"uv": [0, 0, 0.1875, 0.25], "rotation": 270, "texture": "#1"},
				"down": {"uv": [0, 0, 0.1875, 0.25], "rotation": 270, "texture": "#1"}
			}
		},
		{
			"from": [6.8375, 12.4, 8.525],
			"to": [8, 12.65, 8.7125],
			"rotation": {"angle": 0, "axis": "y", "origin": [15, 20.4, 16.5]},
			"faces": {
				"north": {"uv": [0, 0, 1.1625, 0.25], "texture": "#1"},
				"east": {"uv": [0, 0, 0.1875, 0.25], "texture": "#1"},
				"south": {"uv": [0, 0, 1.1625, 0.25], "texture": "#1"},
				"west": {"uv": [0, 0, 0.1875, 0.25], "texture": "#1"},
				"up": {"uv": [0, 0, 1.1625, 0.1875], "texture": "#1"},
				"down": {"uv": [0, 0, 1.1625, 0.1875], "texture": "#1"}
			}
		},
		{
			"from": [7.61875, 12.84375, 8.525],
			"to": [7.70625, 13.54375, 8.7125],
			"rotation": {"angle": -22.5, "axis": "z", "origin": [7.58125, 13.025, 8.63125]},
			"faces": {
				"north": {"uv": [0, 0, 0.7, 0.0875], "rotation": 90, "texture": "#1"},
				"east": {"uv": [0, 0, 0.7, 0.1875], "rotation": 270, "texture": "#1"},
				"south": {"uv": [0, 0, 0.7, 0.0875], "rotation": 270, "texture": "#1"},
				"west": {"uv": [0, 0, 0.7, 0.1875], "rotation": 270, "texture": "#1"},
				"up": {"uv": [0, 0, 0.1875, 0.0875], "rotation": 270, "texture": "#1"},
				"down": {"uv": [0, 0, 0.1875, 0.0875], "rotation": 270, "texture": "#1"}
			}
		},
		{
			"from": [7.3375, 12.6, 8.525],
			"to": [7.6125, 12.6875, 8.7125],
			"rotation": {"angle": 22.5, "axis": "z", "origin": [7.09375, 12.725, 8.63125]},
			"faces": {
				"north": {"uv": [0, 0, 0.275, 0.0875], "texture": "#1"},
				"east": {"uv": [0, 0, 0.1875, 0.0875], "texture": "#1"},
				"south": {"uv": [0, 0, 0.275, 0.0875], "texture": "#1"},
				"west": {"uv": [0, 0, 0.1875, 0.0875], "texture": "#1"},
				"up": {"uv": [0, 0, 0.275, 0.1875], "texture": "#1"},
				"down": {"uv": [0, 0, 0.275, 0.1875], "texture": "#1"}
			}
		},
		{
			"from": [4.45, 13.8875, 8.3375],
			"to": [9.3625, 14.2625, 8.9125],
			"rotation": {"angle": 0, "axis": "z", "origin": [8.43125, 12.7625, 8.5]},
			"faces": {
				"north": {"uv": [0, 0, 4.522, 2.395], "texture": "#2"},
				"east": {"uv": [0, 0, 3.175, 3.5], "texture": "#2"},
				"south": {"uv": [0, 0, 5.813, 5.2], "texture": "#2"},
				"west": {"uv": [0, 0, 4.475, 4.15], "texture": "#2"},
				"up": {"uv": [0, 0, 4.463, 5.825], "texture": "#2"},
				"down": {"uv": [0, 0, 4.9125, 0.575], "texture": "#2"}
			}
		},
		{
			"from": [4.25, 14.0125, 8.5],
			"to": [4.4875, 14.25, 8.75],
			"rotation": {"angle": 0, "axis": "z", "origin": [3.55625, 13.4875, 8.3625]},
			"faces": {
				"north": {"uv": [0, 0, 12.322, 15.245], "texture": "#2"},
				"east": {"uv": [0, 0, 0.25, 0.2375], "texture": "#2"},
				"south": {"uv": [0, 0, 0.2375, 0.2375], "texture": "#2"},
				"west": {"uv": [0, 0, 0.25, 0.2375], "texture": "#2"},
				"up": {"uv": [0, 0, 0.2375, 0.25], "texture": "#2"},
				"down": {"uv": [0, 0, 0.2375, 0.25], "texture": "#2"}
			}
		},
		{
			"from": [4.425, 14.2875, 8.55],
			"to": [4.5125, 14.5625, 8.6875],
			"rotation": {"angle": 0, "axis": "y", "origin": [11.5125, 22.2875, 16.4125]},
			"faces": {
				"north": {"uv": [0, 0, 0.0875, 0.275], "texture": "#3"},
				"east": {"uv": [0, 0, 0.1375, 0.275], "texture": "#3"},
				"south": {"uv": [0, 0, 0.0875, 0.275], "texture": "#3"},
				"west": {"uv": [0, 0, 0.1375, 0.275], "texture": "#3"},
				"up": {"uv": [0, 0, 0.0875, 0.1375], "texture": "#3"},
				"down": {"uv": [0, 0, 0.0875, 0.1375], "texture": "#3"}
			}
		},
		{
			"from": [4.4125, 14.475, 8.5875],
			"to": [4.525, 14.5375, 8.65],
			"rotation": {"angle": 0, "axis": "y", "origin": [11.5125, 22.2875, 16.4125]},
			"faces": {
				"north": {"uv": [0, 0, 0.1125, 0.0625], "texture": "#5"},
				"east": {"uv": [0, 0, 0.0625, 0.0625], "texture": "#5"},
				"south": {"uv": [0, 0, 0.1125, 0.0625], "texture": "#5"},
				"west": {"uv": [0, 0, 0.0625, 0.0625], "texture": "#5"},
				"up": {"uv": [0, 0, 0.1125, 0.0625], "texture": "#5"},
				"down": {"uv": [0, 0, 0.1125, 0.0625], "texture": "#5"}
			}
		},
		{
			"from": [9.25, 14.475, 8.725],
			"to": [9.3625, 14.5375, 8.7875],
			"rotation": {"angle": 0, "axis": "y", "origin": [16.35, 22.2875, 16.55]},
			"faces": {
				"north": {"uv": [0, 0, 0.1125, 0.0625], "texture": "#6"},
				"east": {"uv": [0, 0, 0.0625, 0.0625], "texture": "#6"},
				"south": {"uv": [0, 0, 0.1125, 0.0625], "texture": "#6"},
				"west": {"uv": [0, 0, 0.0625, 0.0625], "texture": "#6"},
				"up": {"uv": [0, 0, 0.1125, 0.0625], "texture": "#6"},
				"down": {"uv": [0, 0, 0.1125, 0.0625], "texture": "#6"}
			}
		},
		{
			"from": [9.25, 14.475, 8.45],
			"to": [9.3625, 14.5375, 8.5125],
			"rotation": {"angle": 0, "axis": "y", "origin": [16.35, 22.2875, 16.275]},
			"faces": {
				"north": {"uv": [0, 0, 0.1125, 0.0625], "texture": "#6"},
				"east": {"uv": [0, 0, 0.0625, 0.0625], "texture": "#6"},
				"south": {"uv": [0, 0, 0.1125, 0.0625], "texture": "#6"},
				"west": {"uv": [0, 0, 0.0625, 0.0625], "texture": "#6"},
				"up": {"uv": [0, 0, 0.1125, 0.0625], "texture": "#6"},
				"down": {"uv": [0, 0, 0.1125, 0.0625], "texture": "#6"}
			}
		},
		{
			"from": [9.2625, 14.2875, 8.6875],
			"to": [9.35, 14.5625, 8.825],
			"rotation": {"angle": 0, "axis": "y", "origin": [16.35, 22.2875, 16.55]},
			"faces": {
				"north": {"uv": [0, 0, 0.0875, 0.275], "texture": "#3"},
				"east": {"uv": [0, 0, 0.1375, 0.275], "texture": "#3"},
				"south": {"uv": [0, 0, 0.0875, 0.275], "texture": "#3"},
				"west": {"uv": [0, 0, 0.1375, 0.275], "texture": "#3"},
				"up": {"uv": [0, 0, 0.0875, 0.1375], "texture": "#3"},
				"down": {"uv": [0, 0, 0.0875, 0.1375], "texture": "#3"}
			}
		},
		{
			"from": [9.2625, 14.2875, 8.4125],
			"to": [9.35, 14.5625, 8.55],
			"rotation": {"angle": 0, "axis": "y", "origin": [16.35, 22.2875, 16.275]},
			"faces": {
				"north": {"uv": [0, 0, 0.0875, 0.275], "texture": "#3"},
				"east": {"uv": [0, 0, 0.1375, 0.275], "texture": "#3"},
				"south": {"uv": [0, 0, 0.0875, 0.275], "texture": "#3"},
				"west": {"uv": [0, 0, 0.1375, 0.275], "texture": "#3"},
				"up": {"uv": [0, 0, 0.0875, 0.1375], "texture": "#3"},
				"down": {"uv": [0, 0, 0.0875, 0.1375], "texture": "#3"}
			}
		}
	],
	"display": {
		"thirdperson_righthand": {
			"rotation": [0, -90, 0],
			"translation": [0.5, -5, 0],
			"scale": [1.14, 1.14, 1.14]
		},
		"thirdperson_lefthand": {
			"rotation": [0, 90, 0],
			"translation": [-0.75, -4.5, 0]
		},
		"firstperson_righthand": {
			"rotation": [0, -105, 0],
			"translation": [7.5, -5, 3.5],
			"scale": [1.61, 1.61, 1.61]
		},
		"firstperson_lefthand": {
			"rotation": [0, 74, 0],
			"translation": [4.75, -4.75, 3.25],
			"scale": [1.61, 1.61, 1.61]
		},
		"ground": {
			"rotation": [90, 0, 0],
			"translation": [1.5, -2, -7.5],
			"scale": [1.44, 1.44, 1.44]
		},
		"gui": {
			"rotation": [0, -180, -45],
			"translation": [6.25, -8.75, 0],
			"scale": [2.06, 2.06, 2.06]
		},
		"fixed": {
			"translation": [2.5, -14.25, -2.75],
			"scale": [2.86, 2.86, 2.86]
		}
	},
	"groups": [
		{
			"name": "grip",
			"origin": [8.43125, 12.2, 8.5],
			"color": 0,
			"children": [0, 1, 2, 3, 4]
		},
		{
			"name": "slide",
			"origin": [7.23125, 13.2125, 8.5],
			"color": 0,
			"children": [5, 6, 7, 8]
		},
		{
			"name": "group",
			"origin": [8.43125, 12.8, 8.5],
			"color": 0,
			"children": [9, 10, 11]
		},
		{
			"name": "trigger + guard",
			"origin": [7.09375, 12.725, 8.63125],
			"color": 0,
			"children": [12, 13, 14, 15]
		},
		{
			"name": "group",
			"origin": [3.55625, 13.4875, 8.3625],
			"color": 0,
			"children": [16, 17]
		},
		{
			"name": "iron sights",
			"origin": [16.35, 22.2875, 16.25],
			"color": 0,
			"children": [18, 19, 20, 21, 22, 23]
		}
	]
}