{
    "parent": "item/crossbow",
    "textures": {
        "layer0": "item/crossbow_arrow"
    },
"overrides": [
		{"predicate": {"custom_model_data":1234780}, "model": "item/scp/gun_chaos"},
		{"predicate": {"custom_model_data":1234781}, "model": "item/scp/gun_epsilon"},
		{"predicate": {"custom_model_data":1234782}, "model": "item/scp/gun_micro"},
		{"predicate": {"custom_model_data":1234783}, "model": "item/scp/gun_pninety"},
		{"predicate": {"custom_model_data":1234784}, "model": "item/scp/gun_usp"}
	]
}
