{
	"credit": "Made with Blockbench",
	"textures": {
		"0": "disarmer_cover",
		"1": "disarmer_cover2",
		"2": "disarmer_light",
		"3": "disarmer_light2",
		"4": "disarmer_light3",
		"5": "disarmer_screen",
		"particle": "disarmer_cover"
	},
	"elements": [
		{
			"from": [9.025, 8, 8.1125],
			"to": [9.2, 11, 8.55],
			"rotation": {"angle": 0, "axis": "y", "origin": [9.075, 9.5, 8.33125]},
			"faces": {
				"north": {"uv": [0, 0, 0.175, 3], "texture": "#0"},
				"east": {"uv": [0, 0, 0.4375, 3], "texture": "#0"},
				"south": {"uv": [0, 0, 0.175, 3], "texture": "#0"},
				"west": {"uv": [0, 0, 0.4375, 3], "texture": "#0"},
				"up": {"uv": [0, 0, 0.175, 0.4375], "texture": "#0"},
				"down": {"uv": [0, 0, 0.175, 0.4375], "texture": "#0"}
			}
		},
		{
			"from": [8.575, 8, 8.1125],
			"to": [8.7625, 11, 8.55],
			"rotation": {"angle": 0, "axis": "z", "origin": [8.7, 9.5, 8.33125]},
			"faces": {
				"north": {"uv": [0, 0, 0.1875, 3], "texture": "#0"},
				"east": {"uv": [0, 0, 0.4375, 3], "texture": "#0"},
				"south": {"uv": [0, 0, 0.1875, 3], "texture": "#0"},
				"west": {"uv": [0, 0, 0.4375, 3], "texture": "#0"},
				"up": {"uv": [0, 0, 0.1875, 0.4375], "texture": "#0"},
				"down": {"uv": [0, 0, 0.1875, 0.4375], "texture": "#0"}
			}
		},
		{
			"name": "athygiega yiute",
			"from": [8.6875, 8.125, 8.1875],
			"to": [9.0625, 11, 8.5125],
			"rotation": {"angle": 0, "axis": "z", "origin": [8.85, 9.5, 8.33125]},
			"faces": {
				"north": {"uv": [0, 0, 0.375, 2.875], "texture": "#1"},
				"east": {"uv": [0, 0, 0.325, 2.875], "texture": "#1"},
				"south": {"uv": [0, 0, 0.375, 2.875], "texture": "#1"},
				"west": {"uv": [0, 0, 0.325, 2.875], "texture": "#1"},
				"up": {"uv": [0, 0, 0.375, 0.325], "texture": "#1"},
				"down": {"uv": [0, 0, 0.375, 0.325], "texture": "#1"}
			}
		},
		{
			"from": [7.9625, 10.5125, 8],
			"to": [8.9875, 11.5125, 8.7125],
			"rotation": {"angle": -45, "axis": "z", "origin": [8.4625, 11.0125, 8.5]},
			"faces": {
				"north": {"uv": [0, 0, 16, 16], "texture": "#0"},
				"east": {"uv": [0, 0, 0.775, 1], "texture": "#0"},
				"south": {"uv": [0, 0, 1.025, 1], "texture": "#0"},
				"west": {"uv": [0, 0, 0.775, 1], "texture": "#0"},
				"up": {"uv": [0, 0, 1.025, 0.775], "texture": "#0"},
				"down": {"uv": [0, 0, 1.025, 0.775], "texture": "#0"}
			}
		},
		{
			"from": [8.9125, 10.1125, 8],
			"to": [9.9375, 11.1125, 8.7125],
			"rotation": {"angle": 45, "axis": "z", "origin": [8.9125, 10.6125, 8.5]},
			"faces": {
				"north": {"uv": [0, 0, 1.025, 1], "texture": "#0"},
				"east": {"uv": [0, 0, 0.7125, 1], "texture": "#0"},
				"south": {"uv": [0, 0, 1.025, 1], "texture": "#0"},
				"west": {"uv": [0, 0, 0.7125, 1], "texture": "#0"},
				"up": {"uv": [0, 0, 1.025, 0.7125], "texture": "#0"},
				"down": {"uv": [0, 0, 1.025, 0.7125], "texture": "#0"}
			}
		},
		{
			"from": [7.75, 11, 8.0125],
			"to": [7.9625, 12.9375, 8.55],
			"rotation": {"angle": 0, "axis": "y", "origin": [16, 19, 15.8375]},
			"faces": {
				"north": {"uv": [0, 0, 0.2125, 1.9375], "texture": "#0"},
				"east": {"uv": [0, 0, 0.5375, 1.9375], "texture": "#0"},
				"south": {"uv": [0, 0, 0.2125, 1.9375], "texture": "#0"},
				"west": {"uv": [0, 0, 0.5375, 1.9375], "texture": "#0"},
				"up": {"uv": [0, 0, 0.2125, 0.5375], "texture": "#0"},
				"down": {"uv": [0, 0, 0.2125, 0.5375], "texture": "#0"}
			}
		},
		{
			"from": [9.7875, 11, 8.0125],
			"to": [10, 12.9375, 8.55],
			"rotation": {"angle": 0, "axis": "y", "origin": [18.0375, 19, 15.8375]},
			"faces": {
				"north": {"uv": [0, 0, 0.2125, 1.9375], "texture": "#0"},
				"east": {"uv": [0, 0, 0.5375, 1.9375], "texture": "#0"},
				"south": {"uv": [0, 0, 0.2125, 1.9375], "texture": "#0"},
				"west": {"uv": [0, 0, 0.5375, 1.9375], "texture": "#0"},
				"up": {"uv": [0, 0, 0.2125, 0.5375], "texture": "#0"},
				"down": {"uv": [0, 0, 0.2125, 0.5375], "texture": "#0"}
			}
		},
		{
			"from": [7.75, 11, 8.0875],
			"to": [10, 12.9375, 8.7125],
			"rotation": {"angle": 0, "axis": "y", "origin": [16, 19, 16]},
			"faces": {
				"north": {"uv": [0, 0, 2.25, 1.9375], "texture": "#0"},
				"east": {"uv": [0, 0, 0.625, 1.9375], "texture": "#0"},
				"south": {"uv": [0, 0, 2.25, 1.9375], "texture": "#0"},
				"west": {"uv": [0, 0, 0.625, 1.9375], "texture": "#0"},
				"up": {"uv": [0, 0, 2.25, 0.625], "texture": "#0"},
				"down": {"uv": [0, 0, 2.25, 0.625], "texture": "#0"}
			}
		},
		{
			"from": [7.75, 11, 8],
			"to": [10, 11.7125, 8.5375],
			"rotation": {"angle": 0, "axis": "y", "origin": [16, 19, 15.825]},
			"faces": {
				"north": {"uv": [0, 0, 2.25, 0.7125], "texture": "#0"},
				"east": {"uv": [0, 0, 0.5375, 0.7125], "texture": "#0"},
				"south": {"uv": [0, 0, 2.25, 0.7125], "texture": "#0"},
				"west": {"uv": [0, 0, 0.5375, 0.7125], "texture": "#0"},
				"up": {"uv": [0, 0, 2.25, 0.5375], "texture": "#0"},
				"down": {"uv": [0, 0, 2.25, 0.5375], "texture": "#0"}
			}
		},
		{
			"from": [10.475, 11.775, 8.2875],
			"to": [11.8875, 12.6125, 8.475],
			"rotation": {"angle": 0, "axis": "y", "origin": [18.725, 19.775, 15.7625]},
			"faces": {
				"north": {"uv": [0, 0, 1.4125, 0.8375], "texture": "#0"},
				"east": {"uv": [0, 0, 0.1875, 0.8375], "texture": "#0"},
				"south": {"uv": [0, 0, 1.4125, 0.8375], "texture": "#0"},
				"west": {"uv": [0, 0, 0.1875, 0.8375], "texture": "#0"},
				"up": {"uv": [0, 0, 1.4125, 0.1875], "texture": "#0"},
				"down": {"uv": [0, 0, 1.4125, 0.1875], "texture": "#0"}
			}
		},
		{
			"from": [9.475, 12.05, 8.35],
			"to": [10.8875, 12.3125, 8.4125],
			"rotation": {"angle": 0, "axis": "y", "origin": [17.725, 19.775, 15.7625]},
			"faces": {
				"north": {"uv": [0, 0, 1.4125, 0.2625], "texture": "#0"},
				"east": {"uv": [0, 0, 0.0625, 0.2625], "texture": "#0"},
				"south": {"uv": [0, 0, 1.4125, 0.2625], "texture": "#0"},
				"west": {"uv": [0, 0, 0.0625, 0.2625], "texture": "#0"},
				"up": {"uv": [0, 0, 1.4125, 0.0625], "texture": "#0"},
				"down": {"uv": [0, 0, 1.4125, 0.0625], "texture": "#0"}
			}
		},
		{
			"from": [10.7375, 11.875, 8.25],
			"to": [11.8, 12.5, 8.4375],
			"rotation": {"angle": 0, "axis": "y", "origin": [18.725, 19.775, 15.7625]},
			"faces": {
				"north": {"uv": [0, 0, 1.0625, 0.625], "texture": "#5"},
				"east": {"uv": [0, 0, 0.1875, 0.625], "texture": "#5"},
				"south": {"uv": [0, 0, 1.0625, 0.625], "texture": "#5"},
				"west": {"uv": [0, 0, 0.1875, 0.625], "texture": "#5"},
				"up": {"uv": [0, 0, 1.0625, 0.1875], "texture": "#5"},
				"down": {"uv": [0, 0, 1.0625, 0.1875], "texture": "#5"}
			}
		},
		{
			"from": [10.5375, 11.875, 8.25],
			"to": [10.6625, 12.5, 8.45],
			"rotation": {"angle": 0, "axis": "y", "origin": [17.5875, 19.775, 15.7625]},
			"faces": {
				"north": {"uv": [0, 0, 0.125, 0.625], "texture": "#3"},
				"east": {"uv": [0, 0, 0.2, 0.625], "texture": "#3"},
				"south": {"uv": [0, 0, 0.125, 0.625], "texture": "#3"},
				"west": {"uv": [0, 0, 0.2, 0.625], "texture": "#3"},
				"up": {"uv": [0, 0, 0.125, 0.2], "texture": "#3"},
				"down": {"uv": [0, 0, 0.125, 0.2], "texture": "#3"}
			}
		},
		{
			"from": [7.75, 12.7125, 8.15],
			"to": [10, 13.1, 8.5875],
			"rotation": {"angle": 0, "axis": "y", "origin": [16, 20.7125, 16]},
			"faces": {
				"north": {"uv": [0, 0, 2.25, 0.3875], "texture": "#0"},
				"east": {"uv": [0, 0, 0.4375, 0.3875], "texture": "#0"},
				"south": {"uv": [0, 0, 2.25, 0.3875], "texture": "#0"},
				"west": {"uv": [0, 0, 0.4375, 0.3875], "texture": "#0"},
				"up": {"uv": [0, 0, 2.25, 0.4375], "texture": "#0"},
				"down": {"uv": [0, 0, 2.25, 0.4375], "texture": "#0"}
			}
		},
		{
			"from": [7.75, 12.6, 8.15],
			"to": [10, 12.9875, 8.35],
			"rotation": {"angle": -45, "axis": "x", "origin": [8.89375, 12.79375, 8.125]},
			"faces": {
				"north": {"uv": [0, 0, 2.25, 0.3875], "texture": "#0"},
				"east": {"uv": [0, 0, 0.2, 0.3875], "texture": "#0"},
				"south": {"uv": [0, 0, 2.25, 0.3875], "texture": "#0"},
				"west": {"uv": [0, 0, 0.2, 0.3875], "texture": "#0"},
				"up": {"uv": [0, 0, 2.25, 0.2], "texture": "#0"},
				"down": {"uv": [0, 0, 2.25, 0.2], "texture": "#0"}
			}
		},
		{
			"from": [7.75, 12.8, 8.5875],
			"to": [10, 12.9875, 8.7875],
			"rotation": {"angle": -45, "axis": "x", "origin": [8.89375, 12.79375, 8.5625]},
			"faces": {
				"north": {"uv": [0, 0, 2.25, 0.1875], "texture": "#0"},
				"east": {"uv": [0, 0, 0.2, 0.1875], "texture": "#0"},
				"south": {"uv": [0, 0, 2.25, 0.1875], "texture": "#0"},
				"west": {"uv": [0, 0, 0.2, 0.1875], "texture": "#0"},
				"up": {"uv": [0, 0, 2.25, 0.2], "texture": "#0"},
				"down": {"uv": [0, 0, 2.25, 0.2], "texture": "#0"}
			}
		},
		{
			"from": [8.5, 10.25, 8],
			"to": [9.25, 11.0625, 8.7125],
			"rotation": {"angle": 0, "axis": "y", "origin": [16, 16.5, 16]},
			"faces": {
				"north": {"uv": [0, 0, 0.75, 0.8125], "texture": "#0"},
				"east": {"uv": [0, 0, 0.7125, 0.8125], "texture": "#0"},
				"south": {"uv": [0, 0, 0.75, 0.8125], "texture": "#0"},
				"west": {"uv": [0, 0, 0.7125, 0.8125], "texture": "#0"},
				"up": {"uv": [0, 0, 0.75, 0.7125], "texture": "#0"},
				"down": {"uv": [0, 0, 0.75, 0.7125], "texture": "#0"}
			}
		},
		{
			"from": [8.775, 11.15, 7.9375],
			"to": [9.025, 11.425, 8.1875],
			"rotation": {"angle": 0, "axis": "y", "origin": [16.025, 19.15, 15.9375]},
			"faces": {
				"north": {"uv": [0, 0, 0.25, 0.275], "texture": "#2"},
				"east": {"uv": [0, 0, 0.25, 0.275], "texture": "#2"},
				"south": {"uv": [0, 0, 0.25, 0.275], "texture": "#2"},
				"west": {"uv": [0, 0, 0.25, 0.275], "texture": "#2"},
				"up": {"uv": [0, 0, 0.25, 0.25], "texture": "#2"},
				"down": {"uv": [0, 0, 0.25, 0.25], "texture": "#2"}
			}
		},
		{
			"from": [8.3625, 10.775, 7.9375],
			"to": [8.6125, 11.05, 8.1875],
			"rotation": {"angle": 0, "axis": "y", "origin": [15.6125, 18.775, 15.9375]},
			"faces": {
				"north": {"uv": [0, 0, 0.25, 0.275], "texture": "#3"},
				"east": {"uv": [0, 0, 0.25, 0.275], "texture": "#3"},
				"south": {"uv": [0, 0, 0.25, 0.275], "texture": "#3"},
				"west": {"uv": [0, 0, 0.25, 0.275], "texture": "#3"},
				"up": {"uv": [0, 0, 0.25, 0.25], "texture": "#3"},
				"down": {"uv": [0, 0, 0.25, 0.25], "texture": "#3"}
			}
		},
		{
			"from": [8.6125, 12.05, 7.9375],
			"to": [9.1625, 12.575, 8.1875],
			"rotation": {"angle": 0, "axis": "y", "origin": [16, 20.225, 15.9375]},
			"faces": {
				"north": {"uv": [0, 0, 0.55, 0.525], "texture": "#3"},
				"east": {"uv": [0, 0, 0.25, 0.525], "texture": "#3"},
				"south": {"uv": [0, 0, 0.55, 0.525], "texture": "#3"},
				"west": {"uv": [0, 0, 0.25, 0.525], "texture": "#3"},
				"up": {"uv": [0, 0, 0.55, 0.25], "texture": "#3"},
				"down": {"uv": [0, 0, 0.55, 0.25], "texture": "#3"}
			}
		},
		{
			"from": [9.15, 10.775, 7.9375],
			"to": [9.4, 11.05, 8.1875],
			"rotation": {"angle": 0, "axis": "y", "origin": [16.4, 18.775, 15.9375]},
			"faces": {
				"north": {"uv": [0, 0, 0.25, 0.275], "texture": "#4"},
				"east": {"uv": [0, 0, 0.25, 0.275], "texture": "#4"},
				"south": {"uv": [0, 0, 0.25, 0.275], "texture": "#4"},
				"west": {"uv": [0, 0, 0.25, 0.275], "texture": "#4"},
				"up": {"uv": [0, 0, 0.25, 0.25], "texture": "#4"},
				"down": {"uv": [0, 0, 0.25, 0.25], "texture": "#4"}
			}
		}
	],
	"display": {
		"thirdperson_righthand": {
			"rotation": [0, -180, 0],
			"translation": [1.25, -0.25, 1.5],
			"scale": [1.5, 1.5, 1.5]
		},
		"thirdperson_lefthand": {
			"rotation": [0, -180, 0],
			"translation": [-1.25, -0.5, 1.5],
			"scale": [1.5, 1.5, 1.5]
		},
		"firstperson_righthand": {
			"rotation": [0, 150, -5],
			"translation": [2.75, -2.25, 2],
			"scale": [2.03, 2.03, 2.03]
		},
		"firstperson_lefthand": {
			"rotation": [0, 132, -6],
			"translation": [1.5, -2.25, -1.5],
			"scale": [1.9, 1.9, 1.9]
		},
		"ground": {
			"translation": [0, -3.25, 0],
			"scale": [1.47, 1.47, 1.47]
		},
		"gui": {
			"rotation": [0, -180, 38],
			"translation": [-2.5, -7.5, 0],
			"scale": [2.42, 2.42, 2.42]
		},
		"fixed": {
			"translation": [-2.25, -7, -1.25],
			"scale": [2.47, 2.47, 2.47]
		}
	}
}